date,rating,review,year,month,weekday,final_review
2025-03-02,10,미키 반스 영원하라ㅠㅠ봉준호 감독 예지력 어마어마하다.로버트 패틴슨은 헐리우드의 송강호다ㅎㅎ,2025,3,6,미키 반스 영원하라봉준호 감독 예지력 어마어마하다로버트 패틴슨은 헐리우드의 송강호다
2025-03-02,10,처음으로 영화 시작부터 끝까지 집중을 잃지 않고 몰입하고 본 영화였습니다 재밌었습니다,2025,3,6,처음으로 영화 시작부터 끝까지 집중을 잃지 않고 몰입하고 본 영화였습니다 재밌었습니다
2025-03-01,10,"SF라는 쟝르의 탈을 쓰고, 계급화된 현대 사회를 고발하는 블랙코미디 풍자극",2025,3,5,라는 쟝르의 탈을 쓰고 계급화된 현대 사회를 고발하는 블랙코미디 풍자극
2025-03-01,7,봉준호 감독의 신작이니 기대가 너무 크면 독이 되는듯,2025,3,5,봉준호 감독의 신작이니 기대가 너무 크면 독이 되는듯
2025-03-08,2,한국 영화가 망하는 이유.한국 평론가들 점수주는 거 보면 답 나옴이동진 8점 ㅋㅋ 패터슨 연기 빼곤볼 거 없고 왜 1800억이나 들었는지 의문인6점대가 어울리는 영화.,2025,3,5,한국 영화가 망하는 이유한국 평론가들 점수주는 거 보면 답 나옴이동진 점 패터슨 연기 빼곤볼 거 없고 왜 억이나 들었는지 의문인점대가 어울리는 영화
2025-03-02,10,우리가 지금 처한 현실같아 조금 슬펐음 ㅠㅠ 나를 돌아보고 앞으로도 생각해볼수있는 철학적인 영화였음!!,2025,3,6,우리가 지금 처한 현실같아 조금 슬펐음 나를 돌아보고 앞으로도 생각해볼수있는 철학적인 영화였음
2025-03-01,6,스토리는 너무 진부하고 예상 가능했음.그리고 인물들이 너무나도 평면적이다.뭔가를 가르치려 드는 느낌이 강하게 듦.독창성이 너무 부족하지 않았나 싶다.여러모로 아쉬운 영화였다.,2025,3,5,스토리는 너무 진부하고 예상 가능했음그리고 인물들이 너무나도 평면적이다뭔가를 가르치려 드는 느낌이 강하게 듦독창성이 너무 부족하지 않았나 싶다여러모로 아쉬운 영화였다
2025-03-09,1,역대 봉준호 영화중 가장 지루했음김치빠진 김치볶음밥,2025,3,6,역대 봉준호 영화중 가장 지루했음김치빠진 김치볶음밥
2025-03-03,4,"내가 무지해서 그런지, 감독의 숨은 의도를 도저히 찾지 못하겠다. 벌써 2번이나 봤는데.. 마치 현대예술인양 벽에 바나나 붙여놓고 열광받는 느낌이랄까",2025,3,0,내가 무지해서 그런지 감독의 숨은 의도를 도저히 찾지 못하겠다 벌써 번이나 봤는데 마치 현대예술인양 벽에 바나나 붙여놓고 열광받는 느낌이랄까
2025-03-02,10,슴슴한데 자꾸 생각난다.이상하게 재밌다.,2025,3,6,슴슴한데 자꾸 생각난다이상하게 재밌다
2025-02-28,10,인간 복제 윤리에 대한 깊은 생각을 할 수 있게 해주는 뜻깊은 영화.. 재밌게 봤어요 !!,2025,2,4,인간 복제 윤리에 대한 깊은 생각을 할 수 있게 해주는 뜻깊은 영화 재밌게 봤어요
2025-03-16,1,질 좋은 배추와 최고급 천일염 국내산 고추가루를 잘못 버무려 쓴 김치가 되었다. 꼭 그랬어야했을까? 좋은 소재와 설정을 빈약한 스토리 충분히 설명되지 않은 소신 투박한 전개와 너무나도 아쉬운 사운드믹싱과 개인취향이겠지만 옥자부터 이어지...,2025,3,6,질 좋은 배추와 최고급 천일염 국내산 고추가루를 잘못 버무려 쓴 김치가 되었다 꼭 그랬어야했을까 좋은 소재와 설정을 빈약한 스토리 충분히 설명되지 않은 소신 투박한 전개와 너무나도 아쉬운 사운드믹싱과 개인취향이겠지만 옥자부터 이어지
2025-03-13,7,뭔가 재밌긴한데 재미없기도 하다. 봉준호 특유의 풍자와 해학이 서양 스킨에 어울리지 않는 느낌이 여전하다. 따로 떼놓고 텍스트로 보면 훌륭한 스토리임에도 불구하고 과장되게 말한다면 원피스 서양판 같은 이질감이 든다.,2025,3,3,뭔가 재밌긴한데 재미없기도 하다 봉준호 특유의 풍자와 해학이 서양 스킨에 어울리지 않는 느낌이 여전하다 따로 떼놓고 텍스트로 보면 훌륭한 스토리임에도 불구하고 과장되게 말한다면 원피스 서양판 같은 이질감이 든다
2025-03-15,2,의미도없고 뜻도없고시간 돈 많이아깝습니다,2025,3,5,의미도없고 뜻도없고시간 돈 많이아깝습니다
2025-02-28,5,봉감독님 팬이지만 이작품은 아쉽네요. 너무 많은 나래이션이 몰입도 방해하고 극이 너무 어수선하고 주제의식도 약했어요.,2025,2,4,봉감독님 팬이지만 이작품은 아쉽네요 너무 많은 나래이션이 몰입도 방해하고 극이 너무 어수선하고 주제의식도 약했어요
2025-03-02,4,"봉준호가 감독이 아니였으면 영화관을 떠났을 것 같은 영화. 웃음은 나오지 않으며, 허망하다.",2025,3,6,봉준호가 감독이 아니였으면 영화관을 떠났을 것 같은 영화 웃음은 나오지 않으며 허망하다
2025-03-05,6,"너무 많은 메세지를 전달하려고 노력했지만, 결국 공벌레만 생각난다.",2025,3,2,너무 많은 메세지를 전달하려고 노력했지만 결국 공벌레만 생각난다
2025-03-18,6,17번째 미키가 나올때까지의 서사가 지루하며 미지의 행성도 지루하며 몬스터도 지루하다.,2025,3,1,번째 미키가 나올때까지의 서사가 지루하며 미지의 행성도 지루하며 몬스터도 지루하다
2025-03-09,9,17남우주연상 주고 18남우조연상 줘라,2025,3,6,남우주연상 주고 남우조연상 줘라
2025-03-05,4,솔직히 기대가 커서 그런건지 흠 재미는 없었어요 .풍자하고싶은것은 알겠으나 재미가 ^^;;,2025,3,2,솔직히 기대가 커서 그런건지 흠 재미는 없었어요 풍자하고싶은것은 알겠으나 재미가
2025-03-08,6,후반부는 유치 오글패틴슨 연기는 좋았지만 그게 다네요,2025,3,5,후반부는 유치 오글패틴슨 연기는 좋았지만 그게 다네요
2025-03-03,8,몇 수를 내다보시고 제작한 영화인지 정말여러 생각을 들게 하는 영화입니다. 이외에도 미키가 점점 자기만의 정체성을 확보해 나가는 과정에서의 성장도 응원하게 되는 것 같아요,2025,3,0,몇 수를 내다보시고 제작한 영화인지 정말여러 생각을 들게 하는 영화입니다 이외에도 미키가 점점 자기만의 정체성을 확보해 나가는 과정에서의 성장도 응원하게 되는 것 같아요
2025-03-01,10,로버트 패티슨 연기가 미쳤다. 또 보고 싶은 영화,2025,3,5,로버트 패티슨 연기가 미쳤다 또 보고 싶은 영화
2025-03-17,5,이게 봉준호감독의 기생충 차기작이라니...,2025,3,0,이게 봉준호감독의 기생충 차기작이라니
2025-03-04,10,"“재미가 없다” 라는 평만 보고 안보는 사람이없길 재미가 없으면 코믹영화를 보시고영화에서 주는 의미, 해석 과학적 요소가 들어간 영화를 좋아한다면 추천 뻔한 결말의 스토리는 인정하지만 그것만으로 추락할 영화는 아니다그리고 연기가 미쳤음",2025,3,1,재미가 없다 라는 평만 보고 안보는 사람이없길 재미가 없으면 코믹영화를 보시고영화에서 주는 의미 해석 과학적 요소가 들어간 영화를 좋아한다면 추천 뻔한 결말의 스토리는 인정하지만 그것만으로 추락할 영화는 아니다그리고 연기가 미쳤음
2025-02-28,9,젊음은 돈으로 살 수 없지만 젊은이는 돈으로 살 수 있다.,2025,2,4,젊음은 돈으로 살 수 없지만 젊은이는 돈으로 살 수 있다
2025-03-07,10,혹평도 많아서 큰 기대없이 보았는데 시간 가는 줄 모르고 재밌게 봄 로버트 패틴슨 1인 2역인데 영화보는동안 한 사람이 연기한거라고 생각 전혀 못하고 다른 인물로 느껴졌음. 집 오면서 진짜 연기 잘한다고 생각함,2025,3,4,혹평도 많아서 큰 기대없이 보았는데 시간 가는 줄 모르고 재밌게 봄 로버트 패틴슨 인 역인데 영화보는동안 한 사람이 연기한거라고 생각 전혀 못하고 다른 인물로 느껴졌음 집 오면서 진짜 연기 잘한다고 생각함
2025-02-28,4,영화가 얘기하려는게 뭔지..나는..글쎄다..영화를 보고나와도 뭔가 남는게 없음,2025,2,4,영화가 얘기하려는게 뭔지나는글쎄다영화를 보고나와도 뭔가 남는게 없음
2025-03-01,10,후기보고 조금 기대 낮추고 봤는데러닝타임 길어도 전혀 지루하지않고 몰입해서 봤습니다 ㅎㅎ  콩벌레 귀여워요,2025,3,5,후기보고 조금 기대 낮추고 봤는데러닝타임 길어도 전혀 지루하지않고 몰입해서 봤습니다 콩벌레 귀여워요
2025-03-01,10,재미없을 부분이 딱히 없었음 ㅋㅋ 네티즌/실관람객 점수 차이 많이 나는거 보면 어디서 점수 깎고 있는듯,2025,3,5,재미없을 부분이 딱히 없었음 네티즌실관람객 점수 차이 많이 나는거 보면 어디서 점수 깎고 있는듯
2025-03-28,4,중반부터는 인간복제라는 소재가 왜 들어갔나 싶을정도로 주제의식이 흐릿해지고 겉돌았음. 아무리 생각해도 기생충이 최고의 아웃풋이었던것 같다.,2025,3,4,중반부터는 인간복제라는 소재가 왜 들어갔나 싶을정도로 주제의식이 흐릿해지고 겉돌았음 아무리 생각해도 기생충이 최고의 아웃풋이었던것 같다
2025-07-23,9,로버트의 연기는 빛남 연출은 뭔가뭔가임,2025,7,2,로버트의 연기는 빛남 연출은 뭔가뭔가임
2025-03-01,10,재관람 할 것 같다. 연출 연기 다 좋았다.,2025,3,5,재관람 할 것 같다 연출 연기 다 좋았다
2025-03-01,6,"옥자가 보이기도 하고, 설국열차가 보이기도 하고, 봉준호식SF가 잘 살지는 못한것 같다",2025,3,5,옥자가 보이기도 하고 설국열차가 보이기도 하고 봉준호식가 잘 살지는 못한것 같다
2025-02-28,6,나름 재미는 있었습니다. 근데 엄청 재밌진않아요.배우들 연기들은 다 좋았는데 여운은 없음.그냥저냥 볼만한 영화같습니다.엄청 기대할만한 영화는 아닌듯,2025,2,4,나름 재미는 있었습니다 근데 엄청 재밌진않아요배우들 연기들은 다 좋았는데 여운은 없음그냥저냥 볼만한 영화같습니다엄청 기대할만한 영화는 아닌듯
2025-03-03,10,아무것도 모르고 본 제 남편도 저도 보는  내내  너무 몰입해서 잘 봤어요.  보시면 알꺼예요. 전 이번에 100%  봉준호감독의 세계관에  감탄했어요.배우들  한분한분 연기도  하나하나의 디테일도  정말 장난아닙니다,2025,3,0,아무것도 모르고 본 제 남편도 저도 보는 내내 너무 몰입해서 잘 봤어요 보시면 알꺼예요 전 이번에 봉준호감독의 세계관에 감탄했어요배우들 한분한분 연기도 하나하나의 디테일도 정말 장난아닙니다
2025-07-20,7,맛은 괜찮았으나 단순한 재료에 너무 다양한 맛이 들어간 소스랄까,2025,7,6,맛은 괜찮았으나 단순한 재료에 너무 다양한 맛이 들어간 소스랄까
2025-02-28,7,엄청 커다란 종합선물세트를 기대하고 열었는데 좋은건 몇개없고 잡다한게 많아 실망한 딱 그 정도였다,2025,2,4,엄청 커다란 종합선물세트를 기대하고 열었는데 좋은건 몇개없고 잡다한게 많아 실망한 딱 그 정도였다
2025-03-02,7,놀랍게도 17분에 한 번씩 장르가 바뀌는 영화.,2025,3,6,놀랍게도 분에 한 번씩 장르가 바뀌는 영화
2025-03-07,8,그냥 별 생각없이 본다면 꽤나 괜찮은 영화인데 생각을 많이 하면서 보면 하염없이 어려운 영화,2025,3,4,그냥 별 생각없이 본다면 꽤나 괜찮은 영화인데 생각을 많이 하면서 보면 하염없이 어려운 영화
2025-02-28,7,와 로버트 패틴슨의 엄청난 연기 멋있어요,2025,2,4,와 로버트 패틴슨의 엄청난 연기 멋있어요
2025-02-28,8,지구에서 밀려나 우주까지 기생하며 죽어야 사는 남자가 신성한 노동으로 역설하는 생명윤리적 가치철학,2025,2,4,지구에서 밀려나 우주까지 기생하며 죽어야 사는 남자가 신성한 노동으로 역설하는 생명윤리적 가치철학
2025-03-24,1,이게 영화냐?기생충 작품성 생각하고 접근하면 안될듯그냥 ㅆㄹㄱ 변ㅌㅐ 영화같네요;;유치하고..,2025,3,0,이게 영화냐기생충 작품성 생각하고 접근하면 안될듯그냥 변 영화같네요유치하고
2025-03-02,10,역시 봉보로봉봉 결말까지 넘나 마음에 듦,2025,3,6,역시 봉보로봉봉 결말까지 넘나 마음에 듦
2025-03-02,10,봉준호 영화중 최고였다ㄱ철학적인 부분이 이렇게 까지 스며들듯  닿은 경험은 살면서 처음 이었다. 일단 재밋었다. 시대를 바라보는 감각이 천재다,2025,3,6,봉준호 영화중 최고였다철학적인 부분이 이렇게 까지 스며들듯 닿은 경험은 살면서 처음 이었다 일단 재밋었다 시대를 바라보는 감각이 천재다
2025-03-08,1,뇌 빼고 싶은 영화. 반성문 8포인트로 맑은고딕 써서 100장 적어서 제출해야 함.,2025,3,5,뇌 빼고 싶은 영화 반성문 포인트로 맑은고딕 써서 장 적어서 제출해야 함
2025-03-01,10,재밌는데 왜.. 네가 보고 판단해. 남의 말에 휘둘리지말고 난 네가 줏대있게 인생 살았으면 좋겠어 남들이 재미없다고해도 네가 직접 보고 판단해.,2025,3,5,재밌는데 왜 네가 보고 판단해 남의 말에 휘둘리지말고 난 네가 줏대있게 인생 살았으면 좋겠어 남들이 재미없다고해도 네가 직접 보고 판단해
2025-03-06,6,어떤 인격으로 살것인가 라는 질문을 던지는 설정은 매우  훌륭하나 매우 지루하다 좀 잤습니다,2025,3,3,어떤 인격으로 살것인가 라는 질문을 던지는 설정은 매우 훌륭하나 매우 지루하다 좀 잤습니다
2025-03-02,10,패티슨연기에 박수를 .. 초반엔 쏘쏘 뒤로갈수록 신남 또보고싶음,2025,3,6,패티슨연기에 박수를 초반엔 쏘쏘 뒤로갈수록 신남 또보고싶음
2025-03-17,4,"영화 기생충의 마이 마이 열화 헐리우드 버전. 지루한 전개가 너무 심한 수준이라, 초중종 반까지 졸음을 참기 힘들정도였다.가끔 헐리우드 스럽지 않은 열연이 눈에 띄긴 했는데, 봉감독님의 카메라 구도 덕분이기도 한듯.마지막 전투씬의 음향효과만 ...",2025,3,0,영화 기생충의 마이 마이 열화 헐리우드 버전 지루한 전개가 너무 심한 수준이라 초중종 반까지 졸음을 참기 힘들정도였다가끔 헐리우드 스럽지 않은 열연이 눈에 띄긴 했는데 봉감독님의 카메라 구도 덕분이기도 한듯마지막 전투씬의 음향효과만
2025-02-28,10,보면서 누군가가 자꾸 떠올라 묘하게 열받습니다 아마 다른 나라 사람들도 그럴겁니다 기생충처럼 전세계 사람들이 공감대를 이룰 영화..,2025,2,4,보면서 누군가가 자꾸 떠올라 묘하게 열받습니다 아마 다른 나라 사람들도 그럴겁니다 기생충처럼 전세계 사람들이 공감대를 이룰 영화
2025-03-02,10,"철학적, 정치적, 법적으로 많은 생각을 해볼 수 있는 영화.",2025,3,6,철학적 정치적 법적으로 많은 생각을 해볼 수 있는 영화
2025-02-28,5,디워 상위호환버전. 이번엔 걸러도 될듯,2025,2,4,디워 상위호환버전 이번엔 걸러도 될듯
2025-02-28,9,현실이 겹쳐보여서 몰입에 방해가 된건지 아닌지 알 수 없지만 재밌다,2025,2,4,현실이 겹쳐보여서 몰입에 방해가 된건지 아닌지 알 수 없지만 재밌다
2025-03-04,10,"3월3일 월요일 극장가서 봤습니다. 가기 전에 네티즌 평점이 6점 초반대(?) 였었는데... 실관람객 평점이 8점대였던 것으로 보면... 누군가(들이) 악의적으로 평점깎기 하고 있는듯. 누군지는 다들 아시죠?똑같은 레파토리는 그만쓰자 2ㅇ들아 ㅎㅎㅎㅎ""...",2025,3,1,월일 월요일 극장가서 봤습니다 가기 전에 네티즌 평점이 점 초반대 였었는데 실관람객 평점이 점대였던 것으로 보면 누군가들이 악의적으로 평점깎기 하고 있는듯 누군지는 다들 아시죠똑같은 레파토리는 그만쓰자 들아
2025-02-28,6,설국17차.   기대하고 봤습니다만..,2025,2,4,설국차 기대하고 봤습니다만
2025-03-02,6,준호형 알겠으니까 영화로 그만호소하고 이제 좀 재밌는 영화를 만들자. 이럴거면 책을사서보지 안그래도비싸진 극장갈일이 뭐가있는데?,2025,3,6,준호형 알겠으니까 영화로 그만호소하고 이제 좀 재밌는 영화를 만들자 이럴거면 책을사서보지 안그래도비싸진 극장갈일이 뭐가있는데
2025-03-08,6,제작비 많이 들였다고 해서 기대하고 봤는데 반전도 없고 스펙타클한 장면도 없고 실망스럽습니다.   영화라기 보다는 연극을 본 느낌입니다.   설국열차와 비슷하다는 느낌도 납니다.,2025,3,5,제작비 많이 들였다고 해서 기대하고 봤는데 반전도 없고 스펙타클한 장면도 없고 실망스럽습니다 영화라기 보다는 연극을 본 느낌입니다 설국열차와 비슷하다는 느낌도 납니다
2025-03-01,10,나는 참 재미있었는데....조금 울컥하기도 했고,2025,3,5,나는 참 재미있었는데조금 울컥하기도 했고
2025-03-09,6,어쩌면 이것이 봉준호 감독님의 최저점?,2025,3,6,어쩌면 이것이 봉준호 감독님의 최저점
2025-03-17,5,진짜 너무나 평범하게 구린 영화라 할말도 없고 남는 것도 없다,2025,3,0,진짜 너무나 평범하게 구린 영화라 할말도 없고 남는 것도 없다
2025-03-01,10,꽉찬 행복감으로 끝난 sf오락영화. 풍자적 요소들과 재밌는 장면들을 계속 곱씹게 된다. 어쩐지 짠한 마음이 계속 남아있는 채로,2025,3,5,꽉찬 행복감으로 끝난 오락영화 풍자적 요소들과 재밌는 장면들을 계속 곱씹게 된다 어쩐지 짠한 마음이 계속 남아있는 채로
2025-03-02,10,적당히 철학적이고 적당히 따뜻하고 적당히 재치넘치는 정말 잘만들어진 상업영화였다,2025,3,6,적당히 철학적이고 적당히 따뜻하고 적당히 재치넘치는 정말 잘만들어진 상업영화였다
2025-03-16,1,기분나쁜데 뭔소리하고싶은지도 모르겠음 중간에나옴 하루기분망치고싶은분들께는 추천!,2025,3,6,기분나쁜데 뭔소리하고싶은지도 모르겠음 중간에나옴 하루기분망치고싶은분들께는 추천
2025-07-21,8,영화 미키17을 보면서 어떻게 이런 상상을 할수 있었을까? 감탄을 했다,2025,7,0,영화 미키을 보면서 어떻게 이런 상상을 할수 있었을까 감탄을 했다
2025-03-02,10,"내가 나를 구원하는 그 순간, 내가 나를 사랑한다는 것을 깨달았다. 그것은 뜨겁고도 벅차서 슬픈 순간.",2025,3,6,내가 나를 구원하는 그 순간 내가 나를 사랑한다는 것을 깨달았다 그것은 뜨겁고도 벅차서 슬픈 순간
2025-03-02,7,"봉준호가 국내와 해외에서 제작한 작품들의 톤 차이를 지적하는 사람들이 많다. 한국에서 보여주던 예리한 톤이 헐리우드만 가면 교조적이고 촌스러워진다는 것이다. 하지만 나는 대중예술이라면, 특히 메시지의 목적성이 중요한 이야기라면 어느 정도...",2025,3,6,봉준호가 국내와 해외에서 제작한 작품들의 톤 차이를 지적하는 사람들이 많다 한국에서 보여주던 예리한 톤이 헐리우드만 가면 교조적이고 촌스러워진다는 것이다 하지만 나는 대중예술이라면 특히 메시지의 목적성이 중요한 이야기라면 어느 정도
2025-03-30,4,소재는 좋았는데 기대하고 봐서그런가 나래이션이 너무 많고.. 영화가 중간에 지루했어요. 그리고 자막에 맞춤법 틀린게 보여서 불편했어요ㅠㅠ,2025,3,6,소재는 좋았는데 기대하고 봐서그런가 나래이션이 너무 많고 영화가 중간에 지루했어요 그리고 자막에 맞춤법 틀린게 보여서 불편했어요
2025-03-01,1,개연성도 없고 장르도 뭔지 모르겠음서사도 길고 지루하기 짝이 없음기생충같은 국내 영화만 만들었으면ㅠ,2025,3,5,개연성도 없고 장르도 뭔지 모르겠음서사도 길고 지루하기 짝이 없음기생충같은 국내 영화만 만들었으면
2025-03-19,6,미키7 소설책으로 보고 영화 봤는데..책과는 내용이 너무 다르네요...각색을 너무 했어.. 책과 너무 다르니...소설책 한번 보세요...정말 재미있어요,2025,3,2,미키 소설책으로 보고 영화 봤는데책과는 내용이 너무 다르네요각색을 너무 했어 책과 너무 다르니소설책 한번 보세요정말 재미있어요
2025-03-02,10,"역시 봉준호, 거장은 거장이네요.간만에 정말 뛰어난 영화 나왔네요.좌표찍고 몰려와 별점테러 해대는 버러지들때문에 영화 안보는 실수 저지르지 마세요",2025,3,6,역시 봉준호 거장은 거장이네요간만에 정말 뛰어난 영화 나왔네요좌표찍고 몰려와 별점테러 해대는 버러지들때문에 영화 안보는 실수 저지르지 마세요
2025-03-09,2,"배우들 연기는 미쳤는데.. 정작 감독이 너무 많은 이야기를 담으려다 보니 뭐에 집중해야할지 모르겠음..샐러드 같은 영화임. 조화롭긴 하나 딱히 기억에 남는 것도 없고, 맛은 그냥저냥 먹을만한..",2025,3,6,배우들 연기는 미쳤는데 정작 감독이 너무 많은 이야기를 담으려다 보니 뭐에 집중해야할지 모르겠음샐러드 같은 영화임 조화롭긴 하나 딱히 기억에 남는 것도 없고 맛은 그냥저냥 먹을만한
2025-02-28,4,"이야기는 진부했고, 긴장감 넘치는 장면에서조차 기대했던 박진감이 찾아볼 수 없었다.",2025,2,4,이야기는 진부했고 긴장감 넘치는 장면에서조차 기대했던 박진감이 찾아볼 수 없었다
2025-03-26,2,간만에 극장에서 중간에 나가고싶었다.. 핸드폰을 중간에 체크하게되는 영화..,2025,3,2,간만에 극장에서 중간에 나가고싶었다 핸드폰을 중간에 체크하게되는 영화
2025-03-02,6,지루하게 봐서 추천하고 싶지 않다.기생충은 10번 넘게 봐도 재밌게 봤는데미키는 두번보고 싶지 않다.중반 이후부터 지루함.  나샤라는 캐릭터가 무척 능력 있고매력적인 여자로 묘사되는데실제 배우에게서 매력을 못느끼니미스 캐스팅.  공감이 안됨.,2025,3,6,지루하게 봐서 추천하고 싶지 않다기생충은 번 넘게 봐도 재밌게 봤는데미키는 두번보고 싶지 않다중반 이후부터 지루함 나샤라는 캐릭터가 무척 능력 있고매력적인 여자로 묘사되는데실제 배우에게서 매력을 못느끼니미스 캐스팅 공감이 안됨
2025-03-01,7,"""너 진짜 멍청하다"" 같은 유형의 폭력을 ""백치미 있지 않아?""같은 유머로 받아치는 평화주의",2025,3,5,너 진짜 멍청하다 같은 유형의 폭력을 백치미 있지 않아같은 유머로 받아치는 평화주의
2025-03-31,6,중간중간 이건 봉준호 영화다 하는 신이 몇부분 있었으나 그부분 제외하고는 영 와닿지가 않는 영화였음. 물론 노동자와 관련한 메시지가 있다는건 알겠으나 연출이 그 메시지를 끌어주지 못함. 영상미가 돋보이지도 않았고 ost 가 엄청나지도 않음. 스...,2025,3,0,중간중간 이건 봉준호 영화다 하는 신이 몇부분 있었으나 그부분 제외하고는 영 와닿지가 않는 영화였음 물론 노동자와 관련한 메시지가 있다는건 알겠으나 연출이 그 메시지를 끌어주지 못함 영상미가 돋보이지도 않았고 가 엄청나지도 않음 스
2025-03-01,10,"평론가적 관객에겐 가볍게 여겨질순 있지만, 명확한 메세지와 무거운 소재를 위트있게 풀어나가는 봉감독님 특유의 연출을 감상할 수 있어서 만족스럽게 관람했다",2025,3,5,평론가적 관객에겐 가볍게 여겨질순 있지만 명확한 메세지와 무거운 소재를 위트있게 풀어나가는 봉감독님 특유의 연출을 감상할 수 있어서 만족스럽게 관람했다
2025-03-14,6,독특하고 의미있는 소재가 그다지 매끄럽지 않게 전개된다,2025,3,4,독특하고 의미있는 소재가 그다지 매끄럽지 않게 전개된다
2025-03-09,2,별내용도 없고 감독이 메시지만 보내기 바쁜영화,2025,3,6,별내용도 없고 감독이 메시지만 보내기 바쁜영화
2025-03-03,10,"평점 낮길래 기대 안했는데인생영화. 포토카드 태어나서 처음 만들었어요,처음부터 끝까지 스토리, 연출 어색한 점 하나 없어서 대단하다고 생각했어요. 이 영화는 영화의 교과서랄까.. 영화에 참여한 모든 사람에게 엄청 자랑스러운 작품이 될 것 같아...",2025,3,0,평점 낮길래 기대 안했는데인생영화 포토카드 태어나서 처음 만들었어요처음부터 끝까지 스토리 연출 어색한 점 하나 없어서 대단하다고 생각했어요 이 영화는 영화의 교과서랄까 영화에 참여한 모든 사람에게 엄청 자랑스러운 작품이 될 것 같아
2025-03-02,7,원주민인 크리퍼들은 미키를 구해줬지만 이방인인 인간들은 크리퍼를 죽이려고 했다는 점에서 미국의 역사와 비슷하다고 느껴지는 부분이 있네요,2025,3,6,원주민인 크리퍼들은 미키를 구해줬지만 이방인인 인간들은 크리퍼를 죽이려고 했다는 점에서 미국의 역사와 비슷하다고 느껴지는 부분이 있네요
2025-03-23,1,여친때메 억지로 봤는데 재미는 없음. 내내 잔잔하기만함,2025,3,6,여친때메 억지로 봤는데 재미는 없음 내내 잔잔하기만함
2025-07-18,9,봉준호 감독님의 작품이라 믿고 봅니다!,2025,7,4,봉준호 감독님의 작품이라 믿고 봅니다
2025-03-12,6,"미키 17 (Mickey 17), [2025]",2025,3,2,미키
2025-03-03,10,정말 좋았다...인생이 속죄와 같다던 미키가 사랑으로 비로소 진정한 ‘삶‘을 가지게 되는 이야기,2025,3,0,정말 좋았다인생이 속죄와 같다던 미키가 사랑으로 비로소 진정한 삶을 가지게 되는 이야기
2025-03-01,9,"오늘 조조 영화로 봄. 일단 표값은 하는 영화임. 배우들 연기가 정말 좋음. 설국, 옥자보단 재밌게 봄.",2025,3,5,오늘 조조 영화로 봄 일단 표값은 하는 영화임 배우들 연기가 정말 좋음 설국 옥자보단 재밌게 봄
2025-02-28,7,배우진이 할리우드 배우로 바뀐 거 빼면 그냥 봉준호 특유의 연기파 배우들이 잔뜩 등판한 유쾌한 사회비판 영화의 답습임.. 별 기대없이 안정적이면서 고급진 싼마이 맛 보러간다면 추천. 6년만&할리우드 뽕 가득차서 기대하고 갈 거라면 비추천.,2025,2,4,배우진이 할리우드 배우로 바뀐 거 빼면 그냥 봉준호 특유의 연기파 배우들이 잔뜩 등판한 유쾌한 사회비판 영화의 답습임 별 기대없이 안정적이면서 고급진 싼마이 맛 보러간다면 추천 년만할리우드 뽕 가득차서 기대하고 갈 거라면 비추천
2025-03-06,4,로버트 패틴슨의 연기와 소재만 돋보인 흥미 없는 영화,2025,3,3,로버트 패틴슨의 연기와 소재만 돋보인 흥미 없는 영화
2025-03-10,6,"봉준호의 세계에 어울리지 않는 동화적 결말, 기생충에서 세상을 다 가진 것 같은 송강호 가족이 부딪혔던 신분의 벽에 대한 반동으로 살인이나 설국열차의 전복 같은 사건이 아닌 제대로 보여주지 않는 개혁이 너무 쉽게 이루어지는 과정은 애초에 가지고 있던 문제가 무지로 인한 우연인 것처럼 느끼게 한다. 익스펜더블은 누구의 야망이나 잘못이 아니라 인류의 현 단계인 자본주의가 가지는 문제가 아니던가? 미국에서 노동자들이 공무원들이 해고 당하고 있는 이 때에, 봉준호의 미키17은 이러한 사회적 모순을 잘 드러낸 영화로 보여질 것인가?",2025,3,0,봉준호의 세계에 어울리지 않는 동화적 결말 기생충에서 세상을 다 가진 것 같은 송강호 가족이 부딪혔던 신분의 벽에 대한 반동으로 살인이나 설국열차의 전복 같은 사건이 아닌 제대로 보여주지 않는 개혁이 너무 쉽게 이루어지는 과정은 애초에 가지고 있던 문제가 무지로 인한 우연인 것처럼 느끼게 한다 익스펜더블은 누구의 야망이나 잘못이 아니라 인류의 현 단계인 자본주의가 가지는 문제가 아니던가 미국에서 노동자들이 공무원들이 해고 당하고 있는 이 때에 봉준호의 미키은 이러한 사회적 모순을 잘 드러낸 영화로 보여질 것인가
2025-03-01,6,소재 자체는 이미 많이 쓰여온 터라 신선할 게 없었는데 내용 마저도 무난하기 그지없었다,2025,3,5,소재 자체는 이미 많이 쓰여온 터라 신선할 게 없었는데 내용 마저도 무난하기 그지없었다
2025-02-28,6,기대가 크면 실망도 크다로버트 패틴슨 1인 2역은 훌룡함,2025,2,4,기대가 크면 실망도 크다로버트 패틴슨 인 역은 훌룡함
2025-03-27,6,"옥자 + 설국열차 느낌(진부함), 질질 끌고 다소 지루한 감 있음(지루함), 액션이 스펙타클 하지 않음(밋밋함)보다가 너무 졸렸어용",2025,3,3,옥자 설국열차 느낌진부함 질질 끌고 다소 지루한 감 있음지루함 액션이 스펙타클 하지 않음밋밋함보다가 너무 졸렸어용
2025-03-21,6,솔직히 지루함 설명과 대사가 너무 많아 설국열차 기대 했다면 기대이하,2025,3,4,솔직히 지루함 설명과 대사가 너무 많아 설국열차 기대 했다면 기대이하
2025-03-03,10,감동이라기 보단. 생각이 깊어지는 영화. 주연배우의 연기력에 놀라고 이런 영화를 만든사람에게 놀랐고. 이런영화를 돈주고 안보면 뭘 본다고,2025,3,0,감동이라기 보단 생각이 깊어지는 영화 주연배우의 연기력에 놀라고 이런 영화를 만든사람에게 놀랐고 이런영화를 돈주고 안보면 뭘 본다고
2025-02-28,3,pc주의 지긋지긋하다pc는 왜 내가 돈주고 몰입도 안되는 사랑을 보게 하는지 모르겠음,2025,2,4,주의 지긋지긋하다는 왜 내가 돈주고 몰입도 안되는 사랑을 보게 하는지 모르겠음
2025-03-01,10,로버트와 봉준호의 만남.너무 좋았다 굿.두 번 봐도 좋을 영화.상상력을 잘 구현해 냄,2025,3,5,로버트와 봉준호의 만남너무 좋았다 굿두 번 봐도 좋을 영화상상력을 잘 구현해 냄
2025-03-18,1,어떻게든 빨아주려는 모습이 가증스럽다. 편견에 사로잡힌건 너희다.,2025,3,1,어떻게든 빨아주려는 모습이 가증스럽다 편견에 사로잡힌건 너희다
2025-03-02,10,생명과 죽음에 대해 생각해 볼 수 있는 작품이었습니다. 다시 태어날 수 있는 복제품이라도 그 생명과 죽음의 가치가 다르다 할 수 있는지. 이 영화는 육체가 아니라 정신이 그 사람이라고 본 것 같습니다. 무거운 주제를 무겁지 않게 잘 표현했습니다.,2025,3,6,생명과 죽음에 대해 생각해 볼 수 있는 작품이었습니다 다시 태어날 수 있는 복제품이라도 그 생명과 죽음의 가치가 다르다 할 수 있는지 이 영화는 육체가 아니라 정신이 그 사람이라고 본 것 같습니다 무거운 주제를 무겁지 않게 잘 표현했습니다
2025-03-18,6,감독이 그리고싶은 메시지는 이해했으나 전달방식이 매우 유치하고 진부함..,2025,3,1,감독이 그리고싶은 메시지는 이해했으나 전달방식이 매우 유치하고 진부함
2025-02-28,5,언택트톡으로26일에 미리관람하고 왔습니다. 누구나 예상될만한 결말에 지루했습니다.  언택트톡이 궁금하지 않아서 영화끝난후 바로 나왔습니다.솔직한 평입니다.,2025,2,4,언택트톡으로일에 미리관람하고 왔습니다 누구나 예상될만한 결말에 지루했습니다 언택트톡이 궁금하지 않아서 영화끝난후 바로 나왔습니다솔직한 평입니다
2025-03-03,10,와우 너무 좋았어요!!! 강추합니다!!,2025,3,0,와우 너무 좋았어요 강추합니다
2025-02-28,8,로버튼 패티슨의 1인 2역은 신의 한수다. 호불호는 갈릴 지언정 극장에서 봐야하는 작품이다. 패티슨도 남우조연상 받아야 하는거 아님?,2025,2,4,로버튼 패티슨의 인 역은 신의 한수다 호불호는 갈릴 지언정 극장에서 봐야하는 작품이다 패티슨도 남우조연상 받아야 하는거 아님
2025-02-28,1,통역기 ㅋㅋㅋ 지루하고 그냥 재미 없습니다,2025,2,4,통역기 지루하고 그냥 재미 없습니다
2025-03-04,7,"뭔가 있겠지, 에이 그래두 이렇게 끝이라구? 참고 참다 보니 엔딩이더라. 계급, 풍자 다 예상가능하니 지루하고, 헐리웃 자본이라 피씨즘도 넣어야 겠구. 두 주인공 럽스토리는 전혀 케미두 없구. 그넘의 소스는 꼴보기도 싫고. 좀 지저분하고 역겹기도 했...",2025,3,1,뭔가 있겠지 에이 그래두 이렇게 끝이라구 참고 참다 보니 엔딩이더라 계급 풍자 다 예상가능하니 지루하고 헐리웃 자본이라 피씨즘도 넣어야 겠구 두 주인공 럽스토리는 전혀 케미두 없구 그넘의 소스는 꼴보기도 싫고 좀 지저분하고 역겹기도 했
2025-03-07,10,영화본지 일주일째인데 계속 이 영화 생각뿐임,2025,3,4,영화본지 일주일째인데 계속 이 영화 생각뿐임
2025-03-03,10,정말 봉준호 감독스러운 작품... 많은 생각을 하게 하네요,2025,3,0,정말 봉준호 감독스러운 작품 많은 생각을 하게 하네요
2025-07-23,6,이게 뭔가... 중간에 나가고 싶었다..,2025,7,2,이게 뭔가 중간에 나가고 싶었다
2025-02-28,6,몰입을 억제하고 주제를 말하고싶었을까..시원하게 터지는 감정의 회오리도 약했고하고싶으셨던 이야기도 저에겐 다소 어려웠습니다,2025,2,4,몰입을 억제하고 주제를 말하고싶었을까시원하게 터지는 감정의 회오리도 약했고하고싶으셨던 이야기도 저에겐 다소 어려웠습니다
2025-03-09,1,..꽁트하는줄 알았음.. 후기 안보고 본 내탓.. 내용도 이상하고.. 가족이랑 절대 보면 안됩니다 ㅠ 에휴,2025,3,6,꽁트하는줄 알았음 후기 안보고 본 내탓 내용도 이상하고 가족이랑 절대 보면 안됩니다 에휴
2025-07-20,8,오늘도 밑바닥 깊숙한 어느 곳에서 시간과 목숨을 착취당하고 있는 미키들에게 건네는 위로,2025,7,6,오늘도 밑바닥 깊숙한 어느 곳에서 시간과 목숨을 착취당하고 있는 미키들에게 건네는 위로
2025-07-19,8,"아쉬움이 다소 있지만, 로버트 패티슨의 연기는 대단한 것 같습니다.",2025,7,5,아쉬움이 다소 있지만 로버트 패티슨의 연기는 대단한 것 같습니다
2025-03-15,7,설국열차가 생각나는 sf 영화 근데 뭘 말하려는건지는 모르겠음,2025,3,5,설국열차가 생각나는 영화 근데 뭘 말하려는건지는 모르겠음
2025-02-28,9,아래에서 위로 올라가려는 것이 아니라 그저 인간으로 살고 싶을 뿐이야,2025,2,4,아래에서 위로 올라가려는 것이 아니라 그저 인간으로 살고 싶을 뿐이야
2025-02-28,10,본능에 가장 충실한 건 정말 사람이 아닐까...라는 생각을 하게 만든 영화.,2025,2,4,본능에 가장 충실한 건 정말 사람이 아닐까라는 생각을 하게 만든 영화
2025-03-02,10,"몰입감이 미쳤고 정말 생각을 많이 하게 만드는 영화였어요. 평점이 왜 안좋은지 모르겠지만, 전 너무너무 재밌게 잘 봤네요 역시 봉준호감독.. 최고십니당!!",2025,3,6,몰입감이 미쳤고 정말 생각을 많이 하게 만드는 영화였어요 평점이 왜 안좋은지 모르겠지만 전 너무너무 재밌게 잘 봤네요 역시 봉준호감독 최고십니당
2025-03-02,10,런닝타임이 짧게 느껴졌어요. 영화 곳곳에 감독의 숨겨진 의미가 있고 그걸 캐치해야 영화를 더 재밌게 볼 수 있는 것 같습니다. 결국엔 다수의 지성이 어떤 인간 본성을 선택을 하는지에 관한 이야기 같습니다. 역시 봉준호 감독 작품다운 훌륭한 작품입니다.,2025,3,6,런닝타임이 짧게 느껴졌어요 영화 곳곳에 감독의 숨겨진 의미가 있고 그걸 캐치해야 영화를 더 재밌게 볼 수 있는 것 같습니다 결국엔 다수의 지성이 어떤 인간 본성을 선택을 하는지에 관한 이야기 같습니다 역시 봉준호 감독 작품다운 훌륭한 작품입니다
2025-03-03,6,아이디어는 흥미로운데 캐릭터가 평면적이고 줄거리가 지루함. 웹툰 정도로 소비되면 적절할듯. 마더 기생충의 봉감독 영화라 굳이 보러 갔는데 시간 아까움. 이동진은 진짜 이 영화가 좋았을까? 토론 거리를 만들기에는 유용할 수 있으나 영화로서는 ...,2025,3,0,아이디어는 흥미로운데 캐릭터가 평면적이고 줄거리가 지루함 웹툰 정도로 소비되면 적절할듯 마더 기생충의 봉감독 영화라 굳이 보러 갔는데 시간 아까움 이동진은 진짜 이 영화가 좋았을까 토론 거리를 만들기에는 유용할 수 있으나 영화로서는
2025-03-08,2,그냥 재미없음… 킬링타임으로도 이 영화는 거른다,2025,3,5,그냥 재미없음 킬링타임으로도 이 영화는 거른다
2025-03-14,4,기생충이후의 작품으로 본다면 많이 실망스럽다. 생명중시 사상? 고리타분한 주제인데 연출마저 새로운 느낌이 없다. 어린이 캠페인 영화 본 느낌...,2025,3,4,기생충이후의 작품으로 본다면 많이 실망스럽다 생명중시 사상 고리타분한 주제인데 연출마저 새로운 느낌이 없다 어린이 캠페인 영화 본 느낌
2025-02-28,10,로버트패틴슨의 연기 그 자체로 이 영화는 이미 완성작이었다. 봉준호 감독은 그걸 담았을 뿐이고,2025,2,4,로버트패틴슨의 연기 그 자체로 이 영화는 이미 완성작이었다 봉준호 감독은 그걸 담았을 뿐이고
2025-03-02,10,봉준호가 봉준호했다. 사람을 소모품으로 쓴다는 분명 불편한 소재인데 다보고 나서도 남은 찌꺼기가 없다.,2025,3,6,봉준호가 봉준호했다 사람을 소모품으로 쓴다는 분명 불편한 소재인데 다보고 나서도 남은 찌꺼기가 없다
2025-03-12,2,로버트패틴슨으로 이런영화를 만들다니...너무 별로임 워스트영화1임,2025,3,2,로버트패틴슨으로 이런영화를 만들다니너무 별로임 워스트영화임
2025-02-28,8,우리나라의 누군가가 계속 떠오르는 악역들. 또 한번 이 시대를 관통하는 봉감독만의 우화극.,2025,2,4,우리나라의 누군가가 계속 떠오르는 악역들 또 한번 이 시대를 관통하는 봉감독만의 우화극
2025-03-01,6,노골적이고 뻔한 풍자에 감동의 포인트가 없다.   그나마 남주의 연기력은 볼만했음.,2025,3,5,노골적이고 뻔한 풍자에 감동의 포인트가 없다 그나마 남주의 연기력은 볼만했음
2025-03-01,10,저는 진짜 재미있게 봤는데 평점이 ㅋㅋ 나샤에 사랑에 눈물까지 나오던데....평점이 슬프네요 ㅜㅜ 배우들 연기 진짜 미쳤어요.,2025,3,5,저는 진짜 재미있게 봤는데 평점이 나샤에 사랑에 눈물까지 나오던데평점이 슬프네요 배우들 연기 진짜 미쳤어요
2025-03-03,10,봉준호 감독의 개성이 잘 드러나고 최근의 국내외 사회 문제를 절묘하게 풍자하고 있다,2025,3,0,봉준호 감독의 개성이 잘 드러나고 최근의 국내외 사회 문제를 절묘하게 풍자하고 있다
2025-03-18,2,기생충+설국열차+아바타= 미키17 근데 매우 잘못섞은,2025,3,1,기생충설국열차아바타 미키 근데 매우 잘못섞은
2025-02-28,1,차라리 책을 읽는걸 추천해요 재미없다,2025,2,4,차라리 책을 읽는걸 추천해요 재미없다
2025-03-04,6,영화를 보는 내내 생각보다 뭔가 없었네요 그냥 흔한 SF드라마였습니다 구지 봉준호가 아니여도 됐을법한데,2025,3,1,영화를 보는 내내 생각보다 뭔가 없었네요 그냥 흔한 드라마였습니다 구지 봉준호가 아니여도 됐을법한데
2025-02-28,2,이거 1점 없나? 원수한테도 추천하고 싶지않다.,2025,2,4,이거 점 없나 원수한테도 추천하고 싶지않다
2025-03-03,8,주제에 대해 빙빙 돌지 않고 이해하기 쉽게 만들어진 영화.연기도 좋았고 개인적으로 최선의 결말이었다고 생각함.,2025,3,0,주제에 대해 빙빙 돌지 않고 이해하기 쉽게 만들어진 영화연기도 좋았고 개인적으로 최선의 결말이었다고 생각함
2025-02-28,8,너무 기대를했나 지루한 감이 없지 않아 있어요..,2025,2,4,너무 기대를했나 지루한 감이 없지 않아 있어요
2025-03-18,7,중후반까지는 꽤 흥미진진하게 볼수 있어요. 지루함 없이. 근데 막판에 뭔가 있겠지..있겠지.. 했지만 그냥 별거없이 밋밋하게 끝나버리더군요. 영화 보고난뒤 감흥이 1도 없는 그저그런 영화,2025,3,1,중후반까지는 꽤 흥미진진하게 볼수 있어요 지루함 없이 근데 막판에 뭔가 있겠지있겠지 했지만 그냥 별거없이 밋밋하게 끝나버리더군요 영화 보고난뒤 감흥이 도 없는 그저그런 영화
2025-02-28,2,"ㅈㄹ재미없다 우째 이따위로 영화를 만들지?어설프게 아일랜드,오빌리비언 흉내내고 ㅈㄹ지루하고 진짜 재미없음 올해 추석때 tv에 방영할때 보삼",2025,2,4,재미없다 우째 이따위로 영화를 만들지어설프게 아일랜드오빌리비언 흉내내고 지루하고 진짜 재미없음 올해 추석때 에 방영할때 보삼
2025-03-03,9,솔직히 보기전에 지루할까 걱정했는데 무척 재밌게 봄,2025,3,0,솔직히 보기전에 지루할까 걱정했는데 무척 재밌게 봄
2025-03-01,7,"봉준호의 최고작은 아닐지라도, 어쩌면 가장 사랑스러운 영화로 기억될 영화. 조금은 허술하고 과잉된 장면들에도 결국엔 사랑이 이길 것이라는 믿음을 한없이 긍정하고 싶어진다.",2025,3,5,봉준호의 최고작은 아닐지라도 어쩌면 가장 사랑스러운 영화로 기억될 영화 조금은 허술하고 과잉된 장면들에도 결국엔 사랑이 이길 것이라는 믿음을 한없이 긍정하고 싶어진다
2025-03-09,4,기대를 많이 한 탓인가생각보다 별로였고 그냥 킬링타임용으로,2025,3,6,기대를 많이 한 탓인가생각보다 별로였고 그냥 킬링타임용으로
2025-07-19,6,아쉬운걸 말하자면 끝이 없고 다만 총격 씬과 계엄을 보자니 봉감독이 작두를 탔다,2025,7,5,아쉬운걸 말하자면 끝이 없고 다만 총격 씬과 계엄을 보자니 봉감독이 작두를 탔다
2025-03-23,2,이상한 에로 연출로 영화 다 망침.. 더 명작이 될수 있었는데 안타깝다,2025,3,6,이상한 에로 연출로 영화 다 망침 더 명작이 될수 있었는데 안타깝다
2025-03-03,10,봉준호 그는 이미 장르이다.기대를 보지말고 영화를 보자.,2025,3,0,봉준호 그는 이미 장르이다기대를 보지말고 영화를 보자
2025-03-02,10,영화 속 압축된 사회에서 비롯한 불쾌감이 딱히 먼 미래 같진 않았네요.,2025,3,6,영화 속 압축된 사회에서 비롯한 불쾌감이 딱히 먼 미래 같진 않았네요
2025-03-02,7,봉준호의 사회적 풍자는 이제 좀 물리는 맛이 있음. 여전히 맛깔나게 만들어서 볼맛은 난다만 남는건 없었다. 로버트 패티슨의 목소리까지 바꿔가며 하는 연기는 훌륭한 편.,2025,3,6,봉준호의 사회적 풍자는 이제 좀 물리는 맛이 있음 여전히 맛깔나게 만들어서 볼맛은 난다만 남는건 없었다 로버트 패티슨의 목소리까지 바꿔가며 하는 연기는 훌륭한 편
2025-03-03,10,생각할 거리를 많이 던져줍니다. 로버트 패트릭의 연기가 대빅이구요.. 감독님은 역시나 월드클래스 ^^,2025,3,0,생각할 거리를 많이 던져줍니다 로버트 패트릭의 연기가 대빅이구요 감독님은 역시나 월드클래스
2025-02-28,6,"설국열차+옥자+기생충 =미키17풍자를 유머로 표현했지만, 가볍지는 않은 스토리. 시원한 영상미. 그러나 약간의 진부함은 있다",2025,2,4,설국열차옥자기생충 미키풍자를 유머로 표현했지만 가볍지는 않은 스토리 시원한 영상미 그러나 약간의 진부함은 있다
2025-03-04,6,기생충에서 엄청난 걸 보여주던 봉준호는 어디에?,2025,3,1,기생충에서 엄청난 걸 보여주던 봉준호는 어디에
2025-02-28,6,"아 너무 기대를 많이 했나ㅠ그냥저냥 쏘쏘,,,크리퍼 콩벌레 닮음 보다보니 쫌 귀여워보임,,",2025,2,4,아 너무 기대를 많이 했나그냥저냥 쏘쏘크리퍼 콩벌레 닮음 보다보니 쫌 귀여워보임
2025-02-28,8,로버튼 패틴슨의 연기폭이 점점 더 넓어지는 것이 느껴서 신기하고 더욱 관심가지게 된다,2025,2,4,로버튼 패틴슨의 연기폭이 점점 더 넓어지는 것이 느껴서 신기하고 더욱 관심가지게 된다
2025-03-10,7,영화가 오락적인 요소도 떨어지고 전달하고자 하는 메시지를 관객한테 전달하기 위한 짜임새도 조금 떨어진다고 생각해요..하이라이트 부분도 그렇게 재미있지 않고..기대 안하고 보면 그냥 저냥 볼만했지만 기대 하고 보면 실망할 것 같은 느낌..?,2025,3,0,영화가 오락적인 요소도 떨어지고 전달하고자 하는 메시지를 관객한테 전달하기 위한 짜임새도 조금 떨어진다고 생각해요하이라이트 부분도 그렇게 재미있지 않고기대 안하고 보면 그냥 저냥 볼만했지만 기대 하고 보면 실망할 것 같은 느낌
2025-03-03,4,좋은 소재 가지고 이정도 밖에 안되다니,2025,3,0,좋은 소재 가지고 이정도 밖에 안되다니
2025-02-28,7,이 시대를 같이 살아가는 모든 미키들 화이팅,2025,2,4,이 시대를 같이 살아가는 모든 미키들 화이팅
2025-03-02,10,왜케 평점차가 심할까 누군가 좌표찍고 온것응 그만큼 풍자를 잘했다는 뜻이겠지&^^&,2025,3,6,왜케 평점차가 심할까 누군가 좌표찍고 온것응 그만큼 풍자를 잘했다는 뜻이겠지
2025-03-07,6,"전형적인 건 공들여 설명하고, 전형적이지 않은 건 그렇다치고 넘어간다. 그 와중에 전형이 필요한 부분에서 음악이 힘을 빠지게 하고, 전형이 필요없는 부분에선 과한 디테일이 아쉽다.",2025,3,4,전형적인 건 공들여 설명하고 전형적이지 않은 건 그렇다치고 넘어간다 그 와중에 전형이 필요한 부분에서 음악이 힘을 빠지게 하고 전형이 필요없는 부분에선 과한 디테일이 아쉽다
2025-02-28,5,개인적으론 기대가 커서 실망했다고 생각함,2025,2,4,개인적으론 기대가 커서 실망했다고 생각함
2025-02-28,6,내용이 디즈니 아동만화 같았고 영상미는 ㄱㅊ 번데기가 귀여웠다 기대이하 6점,2025,2,4,내용이 디즈니 아동만화 같았고 영상미는 번데기가 귀여웠다 기대이하 점
2025-03-02,10,"우리가 다양한 페르소나가 있는것 처럼 어쩜 우린 web상에서 다양한 미키를 만들고 있지 않는가? 그점을 우주와 지구 사이로 보여주는 철학이 담긴 우주 이야기, 너무 재미있자",2025,3,6,우리가 다양한 페르소나가 있는것 처럼 어쩜 우린 상에서 다양한 미키를 만들고 있지 않는가 그점을 우주와 지구 사이로 보여주는 철학이 담긴 우주 이야기 너무 재미있자
2025-02-28,7,기대보단 아쉬웠습니다. 철학적으로 생각할게 많아보입니다.,2025,2,4,기대보단 아쉬웠습니다 철학적으로 생각할게 많아보입니다
2025-03-27,7,여전히 의문이다. 봉준호영화에서 기시감과 산만함과 군더더기를 느끼다니. 계속 나자신을 의심하는중이다.,2025,3,3,여전히 의문이다 봉준호영화에서 기시감과 산만함과 군더더기를 느끼다니 계속 나자신을 의심하는중이다
2025-03-02,5,생각하고 기대했던 것보다는 그냥 그랬습니다,2025,3,6,생각하고 기대했던 것보다는 그냥 그랬습니다
2025-03-03,9,"볼 때는 그저 즐겁고 유쾌하게 가벼운 마음으로 봤음. 쉽고 가볍게 봐지니 기생충의 그 무엇, 웅장함과 반전, 대비 등을 기대했던 사람들이 실망하는 이유도 알 것 같기는 함. 하지만 보고 나와서 곱씹어 생각해볼 것들이 매우 많아 잠이 오지 않을 정도...",2025,3,0,볼 때는 그저 즐겁고 유쾌하게 가벼운 마음으로 봤음 쉽고 가볍게 봐지니 기생충의 그 무엇 웅장함과 반전 대비 등을 기대했던 사람들이 실망하는 이유도 알 것 같기는 함 하지만 보고 나와서 곱씹어 생각해볼 것들이 매우 많아 잠이 오지 않을 정도
2025-02-28,10,영화평론가 박평식이 7점을 줬다. 더 이상 무슨 말이 필요한가 너무 기대된다 ㅎㅎㅎ,2025,2,4,영화평론가 박평식이 점을 줬다 더 이상 무슨 말이 필요한가 너무 기대된다
2025-03-10,4,흥미롭지 않았음. 그래서 메시지도 귀에 들어오지 않음,2025,3,0,흥미롭지 않았음 그래서 메시지도 귀에 들어오지 않음
2025-02-28,1,미키유천 유튜브 보는 게 더 재밌을듯,2025,2,4,미키유천 유튜브 보는 게 더 재밌을듯
2025-03-03,10,생각할 점을 많이 제공하는 영화입니다,2025,3,0,생각할 점을 많이 제공하는 영화입니다
2025-03-02,1,감독님 오랜 팬으로서 이제 스타일을 좀 바꾸셔야할것 같아요.... 불필요한 베드씬은 뭐하러  계속 넣고 아이맥스용은 아닙니다. 어디서 본듯한 캐릭터와 플롯들 비판과 풍자의 어딘가에서 낭비가 심한느낌입니다. 연출이 멋도 없고 맛도 없어요.,2025,3,6,감독님 오랜 팬으로서 이제 스타일을 좀 바꾸셔야할것 같아요 불필요한 베드씬은 뭐하러 계속 넣고 아이맥스용은 아닙니다 어디서 본듯한 캐릭터와 플롯들 비판과 풍자의 어딘가에서 낭비가 심한느낌입니다 연출이 멋도 없고 맛도 없어요
2025-03-01,10,"오늘 조조로 보고 왔는데 정치, 종교, 윤리, 코미디 모두 무겁지 않게 들어간 종합선물세트 같은 영화였습니다. 사람마다 다르겠지만 이번 비상계엄이나 미국 트럼프 당선내용도 녹아들어갔다고 생각하네요~",2025,3,5,오늘 조조로 보고 왔는데 정치 종교 윤리 코미디 모두 무겁지 않게 들어간 종합선물세트 같은 영화였습니다 사람마다 다르겠지만 이번 비상계엄이나 미국 트럼프 당선내용도 녹아들어갔다고 생각하네요
2025-03-01,4,봉준호 SF는 옥자도 그렇고 설국열차도 그렇고 배경만 다르고 다 똑같은 느낌,2025,3,5,봉준호 는 옥자도 그렇고 설국열차도 그렇고 배경만 다르고 다 똑같은 느낌
2025-02-28,6,봉준호감독 작품 중에서 제일 노잼이였음(개인적 견해임) 최근에 티모시 샬리메 밥딜런 연기 하나로 3시간을 압도당했는데 로버트패틴슨은 1인 2역으로 압도당하진 않았다.,2025,2,4,봉준호감독 작품 중에서 제일 노잼이였음개인적 견해임 최근에 티모시 샬리메 밥딜런 연기 하나로 시간을 압도당했는데 로버트패틴슨은 인 역으로 압도당하진 않았다
2025-03-03,9,영화 보는 내내 몰입했습니다. 중간에 살짝 루즈하기도 했지만.. 그걸 다 감수할 만큼 영화가 주는 신선함이나 매력이 커요. 그리고 로버트 패틴슨의 미키 연기에 깜짝 놀랐습니다. 이렇게 연기를 잘하는 배우였다니요!,2025,3,0,영화 보는 내내 몰입했습니다 중간에 살짝 루즈하기도 했지만 그걸 다 감수할 만큼 영화가 주는 신선함이나 매력이 커요 그리고 로버트 패틴슨의 미키 연기에 깜짝 놀랐습니다 이렇게 연기를 잘하는 배우였다니요
2025-03-03,9,2시간이 넘는데 스펙타클한 영상도 없는데 지루함을 느끼지 못했습니다.잔잔한 여운이 남는 영화입니다.연기도 정말 ????,2025,3,0,시간이 넘는데 스펙타클한 영상도 없는데 지루함을 느끼지 못했습니다잔잔한 여운이 남는 영화입니다연기도 정말
2025-02-28,6,"늘 그렇듯 시의적절한 부조리극이지만, 전작들만큼의 '킥'은 없었던.",2025,2,4,늘 그렇듯 시의적절한 부조리극이지만 전작들만큼의 킥은 없었던
2025-03-10,6,SF를 기대했다면 실망 드라마적인 요소가 8할 이상배우분들의 연기는 일품,2025,3,0,를 기대했다면 실망 드라마적인 요소가 할 이상배우분들의 연기는 일품
2025-02-28,6,"소재 좋음. 스토리 좋음. 초반은3 재미있고 흥미로움. 중후반 클라이맥스로 가는길이 너무 늘어짐. 덜어내고 속도있게 진행했으면 하는 아쉬움. 영상미가 멋지고 촬영, 연출도 좋았다그래서 더 아쉽다",2025,2,4,소재 좋음 스토리 좋음 초반은 재미있고 흥미로움 중후반 클라이맥스로 가는길이 너무 늘어짐 덜어내고 속도있게 진행했으면 하는 아쉬움 영상미가 멋지고 촬영 연출도 좋았다그래서 더 아쉽다
2025-03-02,10,죽음은 누구에게나 언제나 고독한 사건이다. 하지만 눈 감는 그 순간 곁에 앉아 손을 잡아줄 수는 있다. 가엾은 너의 고독을 나도 안다며 애도해줄 수 있다. 산업 현장에서 죽음을 맞이한 수 많은 사람들. 나는 그들의 나샤가 되어 주었었나. 언젠가 누군...,2025,3,6,죽음은 누구에게나 언제나 고독한 사건이다 하지만 눈 감는 그 순간 곁에 앉아 손을 잡아줄 수는 있다 가엾은 너의 고독을 나도 안다며 애도해줄 수 있다 산업 현장에서 죽음을 맞이한 수 많은 사람들 나는 그들의 나샤가 되어 주었었나 언젠가 누군
2025-02-28,10,생각치 못한 슬픔과 감동이 공존한 영화. 2시간이 너무 재미있게 지나갔다.,2025,2,4,생각치 못한 슬픔과 감동이 공존한 영화 시간이 너무 재미있게 지나갔다
2025-03-11,7,기대를 너무 했나봐요 생각보다 너무 잔잔해요,2025,3,1,기대를 너무 했나봐요 생각보다 너무 잔잔해요
2025-03-01,5,"영화 스토리는 진부하지만, 로버트 패틴슨의 찌질한 연기와  1인2역 역할은 볼 만 했어요.",2025,3,5,영화 스토리는 진부하지만 로버트 패틴슨의 찌질한 연기와 인역 역할은 볼 만 했어요
2025-03-03,10,근래 본 영화중에 단연 최고 입니다.,2025,3,0,근래 본 영화중에 단연 최고 입니다
2025-03-13,4,그냥 킬링타임용 그이상 그이하도 아님,2025,3,3,그냥 킬링타임용 그이상 그이하도 아님
2025-03-07,6,재밌는 것도 아니고 재미가 없는 것도 아니고 이걸 도대체 뭐라고 해야 되냐?,2025,3,4,재밌는 것도 아니고 재미가 없는 것도 아니고 이걸 도대체 뭐라고 해야 되냐
2025-03-01,10,아니 진짜 재밌게 보고 왔는데 다들 왜저러지.연출도 너무 좋고 연기도  다들 훌륭했음.또 보러갈거임.,2025,3,5,아니 진짜 재밌게 보고 왔는데 다들 왜저러지연출도 너무 좋고 연기도 다들 훌륭했음또 보러갈거임
2025-02-28,5,미키17 봉준호 기생충이 너무 역작이었나,2025,2,4,미키 봉준호 기생충이 너무 역작이었나
2025-02-28,10,미키17도 좋은데 미키18이 더 좋다...,2025,2,4,미키도 좋은데 미키이 더 좋다
2025-03-03,10,죽어도 되는 미키는 없었어요 처음부터 끝까지,2025,3,0,죽어도 되는 미키는 없었어요 처음부터 끝까지
2025-03-08,1,캐릭터들이 일관성이 없어 갑자기 왜저래 이런 느낌이 많이 들었음 여주인공은 마약에 성을 탐닉하다 갑자기 의로 가득한 인물이 됨 그리고 블록버스터로서 재미가 없음 뒤가 궁금해야 되는데 다 예상이 됨 봉준호감독은 큰 영화에 전혀 안어울린다는...,2025,3,5,캐릭터들이 일관성이 없어 갑자기 왜저래 이런 느낌이 많이 들었음 여주인공은 마약에 성을 탐닉하다 갑자기 의로 가득한 인물이 됨 그리고 블록버스터로서 재미가 없음 뒤가 궁금해야 되는데 다 예상이 됨 봉준호감독은 큰 영화에 전혀 안어울린다는
2025-03-03,1,봉준호라는 이름때문에 선택한영화하지만 지루했다. 평론가들이 좋은느낌을 받았다는건 나와는상관없다. 내가 지루함을 느꼈으니까나에겐 지루한영화,2025,3,0,봉준호라는 이름때문에 선택한영화하지만 지루했다 평론가들이 좋은느낌을 받았다는건 나와는상관없다 내가 지루함을 느꼈으니까나에겐 지루한영화
2025-03-08,2,"상상의나라...하고 싶은거 다 한 영화같아요 배우들이 그나마 하드캐리ㅡㅡ헐리우드 대 배우들이 왜 여기 나왔지?하는 생각이 들었음..,",2025,3,5,상상의나라하고 싶은거 다 한 영화같아요 배우들이 그나마 하드캐리헐리우드 대 배우들이 왜 여기 나왔지하는 생각이 들었음
2025-03-01,10,너무 재미있습니다. 또 다른 재미있는 sf세계관을 알게되어서 좋았습니다. 우연하게도 우리나라 정치도 보임 ㅋ. 2022년에 이걸 맞출수가 있나. 한국정치 풍자 예측 대박으로 해버렸습니다.,2025,3,5,너무 재미있습니다 또 다른 재미있는 세계관을 알게되어서 좋았습니다 우연하게도 우리나라 정치도 보임 년에 이걸 맞출수가 있나 한국정치 풍자 예측 대박으로 해버렸습니다
2025-03-12,2,15세 관람가라고 부모님이랑 봤는데 뜬금없고 반복되는 배드신에 짜증이 났어요.(노출만 안했지 ㅇㄷ수준이라고 생각되고요).. 옥자랑 설국열차 섞은 느낌이 강해서 진부했고요. 좋은 배우들 데려다가 연출에 뭔가 의미를 꾸역꾸역 숨겨두려는 의도가 ...,2025,3,2,세 관람가라고 부모님이랑 봤는데 뜬금없고 반복되는 배드신에 짜증이 났어요노출만 안했지 수준이라고 생각되고요 옥자랑 설국열차 섞은 느낌이 강해서 진부했고요 좋은 배우들 데려다가 연출에 뭔가 의미를 꾸역꾸역 숨겨두려는 의도가
2025-03-09,4,감독이 한국인인거빼면 극장에서 볼이유없는 영화,2025,3,6,감독이 한국인인거빼면 극장에서 볼이유없는 영화
2025-03-03,6,"봉준호 감독이 만든 해외영화는 같은 감독이 만든 게 맞나 싶을 정도로 봉감독만의 독특한 장점이 잘 안 들어나는 듯! 봉감독이 만든 국내영화들은 그렇게 독창적이고 몰입감있고 반전이 있는 작품성, 오락성까지 갖춘 우수한 영화들인데..해외 영화들...",2025,3,0,봉준호 감독이 만든 해외영화는 같은 감독이 만든 게 맞나 싶을 정도로 봉감독만의 독특한 장점이 잘 안 들어나는 듯 봉감독이 만든 국내영화들은 그렇게 독창적이고 몰입감있고 반전이 있는 작품성 오락성까지 갖춘 우수한 영화들인데해외 영화들
2025-03-04,8,근래 개봉한 영화중에 젤 낫구만 평점이 이상하네요,2025,3,1,근래 개봉한 영화중에 젤 낫구만 평점이 이상하네요
2025-03-03,10,봉준호는 역시 봉준호! 호불호가 갈릴지언정 이 영화가 수작인것은 분명하다고 생각함,2025,3,0,봉준호는 역시 봉준호 호불호가 갈릴지언정 이 영화가 수작인것은 분명하다고 생각함
2025-07-23,9,봉준호는 안보이고 로버트패틴슨만 보인다 ㅋ,2025,7,2,봉준호는 안보이고 로버트패틴슨만 보인다
2025-03-03,10,딱 요즘 일어나는 노동계급의 이야기들을 봉준호 감독님만의 방법으로 풀어낸 재밌는 영화. 로버트패틴슨 연기는 말할 것도 없다.,2025,3,0,딱 요즘 일어나는 노동계급의 이야기들을 봉준호 감독님만의 방법으로 풀어낸 재밌는 영화 로버트패틴슨 연기는 말할 것도 없다
2025-02-28,4,아쉽네요 감독의 무의식으로 써진 영화같아요,2025,2,4,아쉽네요 감독의 무의식으로 써진 영화같아요
2025-03-01,10,근래 본 SF 영화 중 최고의 수작입니다! 단 한 순간 눈을 뗄 수가 없었습니다. 인간의 정체성에 대한 많은 질문을 던지는 영화였습니다.,2025,3,5,근래 본 영화 중 최고의 수작입니다 단 한 순간 눈을 뗄 수가 없었습니다 인간의 정체성에 대한 많은 질문을 던지는 영화였습니다
2025-03-01,10,"역시 봉준호, 빛나는 로버트 패틴슨의 연기",2025,3,5,역시 봉준호 빛나는 로버트 패틴슨의 연기
2025-03-01,10,덩치크고 귀엽고 찌질하고 사랑스러운 영화,2025,3,5,덩치크고 귀엽고 찌질하고 사랑스러운 영화
2025-03-05,5,다소 무뎌진 예리한 칼날. 풍자도 반복되면 듣기 싫은 잔소리로.,2025,3,2,다소 무뎌진 예리한 칼날 풍자도 반복되면 듣기 싫은 잔소리로
2025-03-12,4,스토리가 너무 미약하다ㅠ직접보고느끼시길~~,2025,3,2,스토리가 너무 미약하다직접보고느끼시길
2025-02-28,8,봉준호 감독 영화 중 가장 사랑스러운 영화,2025,2,4,봉준호 감독 영화 중 가장 사랑스러운 영화
2025-03-01,5,기대없이 봤더라도 그냥저냥 평범했을 것 같아요... 근데 봉준호감독 이름값이 있으니.. 실망스러웠습니다,2025,3,5,기대없이 봤더라도 그냥저냥 평범했을 것 같아요 근데 봉준호감독 이름값이 있으니 실망스러웠습니다
2025-03-27,7,무미무취에 재미가 있는 것도 없는 것도 아닌,2025,3,3,무미무취에 재미가 있는 것도 없는 것도 아닌
2025-03-23,1,봉준호 영화가 맞는지 모르겠네. 정말 실망했습니다. 저예산 B급 블랙코미디 영화,2025,3,6,봉준호 영화가 맞는지 모르겠네 정말 실망했습니다 저예산 급 블랙코미디 영화
2025-03-01,10,평이 이리 갈릴줄이야? 그간 작품들에 비해 좀 가볍게 느껴지지만 적절한 풍자와 연출로 재미있게 봤습니다. 마구 악플 다시는 분들은 진짜 제대로 보긴 본건지 그간 영화도 보고 평 다는지 모르겠네요. 그간 영화 보다 가볍게 보이지만 생각 거리는 그것 ...,2025,3,5,평이 이리 갈릴줄이야 그간 작품들에 비해 좀 가볍게 느껴지지만 적절한 풍자와 연출로 재미있게 봤습니다 마구 악플 다시는 분들은 진짜 제대로 보긴 본건지 그간 영화도 보고 평 다는지 모르겠네요 그간 영화 보다 가볍게 보이지만 생각 거리는 그것
2025-03-01,2,기대를 많이 했는데 결론은 로버트 배우 연기만 기억에 남네요 쩝,2025,3,5,기대를 많이 했는데 결론은 로버트 배우 연기만 기억에 남네요 쩝
2025-03-02,10,"유쾌하면서 따뜻한 영화고 여캐들 사용이 좋았고조신한 로버트패티슨, 핫한 로버트패티슨 보는 맛도 있음ㅋㅋ",2025,3,6,유쾌하면서 따뜻한 영화고 여캐들 사용이 좋았고조신한 로버트패티슨 핫한 로버트패티슨 보는 맛도 있음
2025-03-28,8,잘 만든 영화라고 생각하지만 봉준호 영화 중 처음으로 '재미'가 없었다,2025,3,4,잘 만든 영화라고 생각하지만 봉준호 영화 중 처음으로 재미가 없었다
2025-03-03,8,계급사화를 보여준 봉준호식 영화 인간이 가질 수 있는 행동에 대해 다시금 생각하게해쥼,2025,3,0,계급사화를 보여준 봉준호식 영화 인간이 가질 수 있는 행동에 대해 다시금 생각하게해쥼
2025-02-28,5,"기대를 안하고 봤는데, 별로였음. 봉준호 감독의 외화는 대체로 엄청 재밌진 않아도 평타는 했는데, 그 중에서도 가장 임팩트가 없었음. 초반부 30분 정도는 몰입도가 있었지만 그 이후부터는 억지스럽게 흘러간 느낌이 많았음. 제작비를 많이 들인 만큼 시각효과나 영상미는 기대 이상이었음.",2025,2,4,기대를 안하고 봤는데 별로였음 봉준호 감독의 외화는 대체로 엄청 재밌진 않아도 평타는 했는데 그 중에서도 가장 임팩트가 없었음 초반부 분 정도는 몰입도가 있었지만 그 이후부터는 억지스럽게 흘러간 느낌이 많았음 제작비를 많이 들인 만큼 시각효과나 영상미는 기대 이상이었음
2025-03-01,10,역시 봉준호 감독 작품답게 생각해봐야할 것들이 많은 영화였습니다. 로버트 패틴슨의 1인 2역 연기는 꼭 다른 두 사람인 것처럼 잘했어요. 오랜만에 시간 가는줄 모르고 본 영화입니다.,2025,3,5,역시 봉준호 감독 작품답게 생각해봐야할 것들이 많은 영화였습니다 로버트 패틴슨의 인 역 연기는 꼭 다른 두 사람인 것처럼 잘했어요 오랜만에 시간 가는줄 모르고 본 영화입니다
2025-03-08,4,봉준호 감독 영화라서 봤지만 유치하고 뻔했다.,2025,3,5,봉준호 감독 영화라서 봤지만 유치하고 뻔했다
2025-02-28,4,이게 과연 기생충 설국열차 마더를 연출한 봉준호의 영화가 맞는지 영화를 보는 내내 되물은 작품,2025,2,4,이게 과연 기생충 설국열차 마더를 연출한 봉준호의 영화가 맞는지 영화를 보는 내내 되물은 작품
2025-03-01,2,"좋아했던 감독이었는데, 아쉽습니다. 보면서 아주 어릴 적 봤던 일본 애니메이션에 장면들이 떠올라 다시 찾아볼 생각입니다. 바람계곡에 벌레들은 잘 있으려나... 그리고 애슐리도...~~^^",2025,3,5,좋아했던 감독이었는데 아쉽습니다 보면서 아주 어릴 적 봤던 일본 애니메이션에 장면들이 떠올라 다시 찾아볼 생각입니다 바람계곡에 벌레들은 잘 있으려나 그리고 애슐리도
2025-03-01,10,미키가 다 다른사람인듯 연기가 훌륭했음. 음악도 스토리도 내 기준에선 아주 만족스러움,2025,3,5,미키가 다 다른사람인듯 연기가 훌륭했음 음악도 스토리도 내 기준에선 아주 만족스러움
2025-03-07,4,주인공 연기는 훌륭합니다. 개연성 부족함 감상평에 호 불호로 양분 되는데 국내 성적은 ‘여러’ 이유로 나쁘지 않겠지만 외국 쪽 관람객수나 평가 공개되면 지표가 될 듯,2025,3,4,주인공 연기는 훌륭합니다 개연성 부족함 감상평에 호 불호로 양분 되는데 국내 성적은 여러 이유로 나쁘지 않겠지만 외국 쪽 관람객수나 평가 공개되면 지표가 될 듯
2025-03-06,6,뻔한 주제 진부한 스토리 배우들 연기력은 좋음,2025,3,3,뻔한 주제 진부한 스토리 배우들 연기력은 좋음
2025-03-13,6,흥미로운 배경 소재 덕분에 재미 없진 않은데 그렇다고 이 흥미로운 설정을 잘 활용한 연출은 아니어서 재미 있는 것도 아니었다,2025,3,3,흥미로운 배경 소재 덕분에 재미 없진 않은데 그렇다고 이 흥미로운 설정을 잘 활용한 연출은 아니어서 재미 있는 것도 아니었다
2025-03-06,6,기대가 컸었는데... 연출이 진부했다..,2025,3,3,기대가 컸었는데 연출이 진부했다
2025-02-28,7,철학적 소재나 블랙 유머는 좋은데 오락 영화로서는 부족하다. 호불호 갈릴 듯.한국에서는 봉준호 감독 이름이 있으니 흥행할지는 모르겠지만해외에서 흥행할 만한 영화는 아닐지도.,2025,2,4,철학적 소재나 블랙 유머는 좋은데 오락 영화로서는 부족하다 호불호 갈릴 듯한국에서는 봉준호 감독 이름이 있으니 흥행할지는 모르겠지만해외에서 흥행할 만한 영화는 아닐지도
2025-07-19,8,"SF영화라서 일단 마음에 들고, 기대와는 약간 방향이 달랐지만, 그대로 재밌엇다",2025,7,5,영화라서 일단 마음에 들고 기대와는 약간 방향이 달랐지만 그대로 재밌엇다
2025-02-28,8,그럼에도 살아간다는 건 어떤 느낌인지,2025,2,4,그럼에도 살아간다는 건 어떤 느낌인지
2025-03-30,7,생각했던느낌이랑 많이달라서 아쉽 그리고 난 그거 여전히 징그러워,2025,3,6,생각했던느낌이랑 많이달라서 아쉽 그리고 난 그거 여전히 징그러워
2025-03-01,6,약간 지루하긴했어요로버트 패틴슨님이 엄청 고생한게 눈에보임 ㅜㅜ,2025,3,5,약간 지루하긴했어요로버트 패틴슨님이 엄청 고생한게 눈에보임
2025-03-03,5,"봉준호 영화를 좋아하고 재미있게 봐온 사람으로서, 이 영화는 봉준호가 만든게 아니라고 믿고싶다.",2025,3,0,봉준호 영화를 좋아하고 재미있게 봐온 사람으로서 이 영화는 봉준호가 만든게 아니라고 믿고싶다
2025-02-28,1,뭐 약물먹고 복제인간 숨기고 영웅놀이 좀 했다고 갑자기 장관? 개연성은 밥말아먹고 재미나 긴장감도 없고 뭔 교훈을 줄라는 것 같기는 한데 그냥 쟈미가 없다. 소재가 참신하고 남배우 연기는 잘함,2025,2,4,뭐 약물먹고 복제인간 숨기고 영웅놀이 좀 했다고 갑자기 장관 개연성은 밥말아먹고 재미나 긴장감도 없고 뭔 교훈을 줄라는 것 같기는 한데 그냥 쟈미가 없다 소재가 참신하고 남배우 연기는 잘함
2025-03-03,3,그냥 그동안 보여준 영화랑 거의 비슷해서. 근데 지루해,2025,3,0,그냥 그동안 보여준 영화랑 거의 비슷해서 근데 지루해
2025-03-02,10,미키 18은 자신이 가장 소중했는데 그 자신에 미키17이 포함되었다.,2025,3,6,미키 은 자신이 가장 소중했는데 그 자신에 미키이 포함되었다
2025-03-16,6,기대를 너무했나...코드가 안맞는건가 ㅠ,2025,3,6,기대를 너무했나코드가 안맞는건가
2025-03-19,4,미키17 재미없고 푹 자다 왔네요. 이야기가 너무 루즈해요,2025,3,2,미키 재미없고 푹 자다 왔네요 이야기가 너무 루즈해요
2025-02-28,6,방금 보고왔는데..  설국열차보다 재미없다. 흥행엔 실패하겠구나.  작품성을 논하기 이전에 우선 영화가 다소 루즈하고 지루하게 전개된다. 영화는 예술작품이기 이전에 엔터테인먼트적으로 충분히 오락적인 즐거움을 제공해야 하지만 그 기본적인 조건...,2025,2,4,방금 보고왔는데 설국열차보다 재미없다 흥행엔 실패하겠구나 작품성을 논하기 이전에 우선 영화가 다소 루즈하고 지루하게 전개된다 영화는 예술작품이기 이전에 엔터테인먼트적으로 충분히 오락적인 즐거움을 제공해야 하지만 그 기본적인 조건
2025-03-02,10,"나는 영화 좋았음. 긴장감, 박진감 넘치는건 없었지만 오히려 많은 생각이 들게하는 중간 중간의 상황설명들도 신박하고 좋았음. 영화관에서 보는걸 추천! 간만에 예술같기도 한 영화를 본 거 같아서 좋았음!",2025,3,6,나는 영화 좋았음 긴장감 박진감 넘치는건 없었지만 오히려 많은 생각이 들게하는 중간 중간의 상황설명들도 신박하고 좋았음 영화관에서 보는걸 추천 간만에 예술같기도 한 영화를 본 거 같아서 좋았음
2025-03-08,5,봉준호 감독 영화 다 봤는데 제일 재미없다고 느껴졌던 영화 입니다. 그래도 우리나라 감독 영화에 할리웃배우들이 나오는 거 자체가 신기했고 연기보는 재미가 있네요. 미키보단 그 다음 작품이 더 기다려집니다.,2025,3,5,봉준호 감독 영화 다 봤는데 제일 재미없다고 느껴졌던 영화 입니다 그래도 우리나라 감독 영화에 할리웃배우들이 나오는 거 자체가 신기했고 연기보는 재미가 있네요 미키보단 그 다음 작품이 더 기다려집니다
2025-03-11,1,진짜 재미없고 안씻고 누운 느낌입니다 돈아까운건 오랜만이네요,2025,3,1,진짜 재미없고 안씻고 누운 느낌입니다 돈아까운건 오랜만이네요
2025-02-28,6,"복제 인간은 겉모습만 같지 개별적 생명으로 봐야 한다는 게 흥미를 돋우었다. ""다시 살아난다는 것을 안 상태에서의 죽음은 두렵지 않을까?""라는 의문도 들었다. 그러나, 선인과 악인을 너무 드러내는 것 같아 아쉬움이 크다. 영화 결말은 매우 진부하...",2025,2,4,복제 인간은 겉모습만 같지 개별적 생명으로 봐야 한다는 게 흥미를 돋우었다 다시 살아난다는 것을 안 상태에서의 죽음은 두렵지 않을까라는 의문도 들었다 그러나 선인과 악인을 너무 드러내는 것 같아 아쉬움이 크다 영화 결말은 매우 진부하
2025-03-02,6,기대했던 만큼의 완성도는 아니어서...조금 아쉬운 마음...,2025,3,6,기대했던 만큼의 완성도는 아니어서조금 아쉬운 마음
2025-03-20,6,"헐리우드 자본에 잠식당한 감독의 개성, 소재는 참신하나 메시지는 극히 진부하다",2025,3,3,헐리우드 자본에 잠식당한 감독의 개성 소재는 참신하나 메시지는 극히 진부하다
2025-03-03,10,전작들보다 무게감은 덜했지만 재밌었음,2025,3,0,전작들보다 무게감은 덜했지만 재밌었음
2025-03-15,1,"영화를 보고 나오는데 어떤 사람이 그러더라 ""내가 뭘 보고 있는건지도 모르겠어""",2025,3,5,영화를 보고 나오는데 어떤 사람이 그러더라 내가 뭘 보고 있는건지도 모르겠어
2025-03-02,10,과연 미키만 복제되었을까.. 과연 권력자들이 위험을 무릅쓰고 우주까지 나갔을까.. 과연 프린터가 한 개 뿐일까..,2025,3,6,과연 미키만 복제되었을까 과연 권력자들이 위험을 무릅쓰고 우주까지 나갔을까 과연 프린터가 한 개 뿐일까
2025-03-03,10,리뷰 진짜 안남기는데 어느 집단에서 별점 테러하는 것 같아서 남김 2시간 20분 순삭될 정도로 재밌게 잘 봤고 기생충만큼이나 좋았음 주변에 다 추천하고 다닐꺼임,2025,3,0,리뷰 진짜 안남기는데 어느 집단에서 별점 테러하는 것 같아서 남김 시간 분 순삭될 정도로 재밌게 잘 봤고 기생충만큼이나 좋았음 주변에 다 추천하고 다닐꺼임
2025-03-03,6,나는 재미없게 봤음.보면서 헐 봉준호 망하겠는데..이 생각밖에 안남근데 같이 본 동생은 너무 재미있었다고 함사람마다 다른듯 ㅎㅎ,2025,3,0,나는 재미없게 봤음보면서 헐 봉준호 망하겠는데이 생각밖에 안남근데 같이 본 동생은 너무 재미있었다고 함사람마다 다른듯
2025-03-01,10,역시 봉준호라고 생각이 들었던 영화 대중들의 기대가 너무 크다보니 실망했다는 평도 있지만 너무 재밌게 관람했고 로버트 패틴슨의 연기는 훌룡했다,2025,3,5,역시 봉준호라고 생각이 들었던 영화 대중들의 기대가 너무 크다보니 실망했다는 평도 있지만 너무 재밌게 관람했고 로버트 패틴슨의 연기는 훌룡했다
2025-03-06,6,"인간 프린팅이라는 소재만 갖고도 좋은 시나리오가 됐을텐데 엄하게 토착민, 외계 생명체 사랑 넣는 바람에 시나리오가 산으로 갔음 막판 개연성이 너무 없음",2025,3,3,인간 프린팅이라는 소재만 갖고도 좋은 시나리오가 됐을텐데 엄하게 토착민 외계 생명체 사랑 넣는 바람에 시나리오가 산으로 갔음 막판 개연성이 너무 없음
2025-04-20,1,워너브라더스 1400억 손해봤다는데 진짜 애도를 표합니다.,2025,4,6,워너브라더스 억 손해봤다는데 진짜 애도를 표합니다
2025-03-12,6,어수선한 영화. 스토리에 치밀함이 부족하고 연기도 인상적이지 않다. 공포감 없는 코믹한 외계 괴물을 쓸데없이 과소비했다.,2025,3,2,어수선한 영화 스토리에 치밀함이 부족하고 연기도 인상적이지 않다 공포감 없는 코믹한 외계 괴물을 쓸데없이 과소비했다
2025-03-01,10,전 순한맛에 한 표! 그리고 봉이 계속 sf 찍어줬으면…,2025,3,5,전 순한맛에 한 표 그리고 봉이 계속 찍어줬으면
2025-03-03,8,한없이 가벼운 죽음과 비례하는 인간성,2025,3,0,한없이 가벼운 죽음과 비례하는 인간성
