date,rating,text
2025-03-23-,별점(10점 만점 중)1,여친때메 억지로 봤는데 재미는 없음. 내내 잔잔하기만함
2025-03-23-,별점(10점 만점 중)1,봉준호 영화가 맞는지 모르겠네. 정말 실망했습니다. 저예산 B급 블랙코미디 영화
2025-06-06-,별점(10점 만점 중)9,봉준호 감독 영화답다라는게 장점이자 단점
2025-04-03-,별점(10점 만점 중)8,생각보다 스토리가 뻔해서 아쉬움
2025-02-28-,별점(10점 만점 중)1,뻔한건 둘째치고많이 유치함
2025-05-31-,별점(10점 만점 중)8,미키17 영화 무난하게 잘 봤네요
2025-03-26-,별점(10점 만점 중)9,최근 본 영화중에 완성도가 높았음. 사회적으로 시끄러운 문제들이나 시사 이슈들을 담으려고 한 느낌. 사람들이 한번 쯤 생각해봤을 법한 내용을 담은 것이 좋았다.
2025-04-24-,별점(10점 만점 중)8,미래와 현재를 관통하는 SF. 굉장히 흥미롭게 관람했음.
2025-02-28-,별점(10점 만점 중)8,지구에서 밀려나 우주까지 기생하며 죽어야 사는 남자가 신성한 노동으로 역설하는 생명윤리적 가치철학
2025-05-12-,별점(10점 만점 중)10,SF 영화를 크게 좋아하지 않아서 기대하지 않았는데 생각보다 너무 재밌게 봤어요
2025-04-05-,별점(10점 만점 중)7,Mickey 17..:
2025-03-27-,별점(10점 만점 중)7,봉준호 감독 작품 중 가장 대사와 나레이션이 과도했던 작품. 그래서 중간에 피로도가 쌓인다. 그렇다고 패기있게 뭔가 다 쓸어버리는 결말도 아닌 흐름도 그렇고. 많이 유해지셨나? 란 의문이 들었다. 물론 전세계적으로 파시즘이 퍼지고 있는 상황에 ...
2025-02-28-,별점(10점 만점 중)9,아래에서 위로 올라가려는 것이 아니라 그저 인간으로 살고 싶을 뿐이야
2025-02-28-,별점(10점 만점 중)1,봉준호영화중에 제일재미없음
2025-03-26-,별점(10점 만점 중)10,"인간과기술, 윤리와혼란, 돌이켜보면지금의인간사"
2025-03-08-,별점(10점 만점 중)6,영화 미키 17 그저 그랬습니다
2025-04-14-,별점(10점 만점 중)7,영화에 담은 메시지가 매우 명확하고 친절한.. 나름 볼만했으나 기생충 대성공 이후 첫 작품이라 아쉬운건 사실임. 설정도 신박하고 배우들 연기도 좋은데 캐릭터들이 너무 단조로움 독재자부부가 제일 흥미롭다니 ㅋㅋㅋㅋ
2025-02-28-,별점(10점 만점 중)2,이거 1점 없나? 원수한테도 추천하고 싶지않다.
2025-03-09-,별점(10점 만점 중)1,..꽁트하는줄 알았음.. 후기 안보고 본 내탓.. 내용도 이상하고.. 가족이랑 절대 보면 안됩니다 ㅠ 에휴
2025-03-01-,별점(10점 만점 중)1,아 pc영화 진짜....
2025-03-23-,별점(10점 만점 중)10,봉준호 감독 영화입니다
2025-03-09-,별점(10점 만점 중)2,봉준호의 이름값이 안되는 영화.
2025-04-12-,별점(10점 만점 중)6,보는 것 자체가 힘들었던 영화... 그래도 주제의식은 좋음
2025-02-28-,별점(10점 만점 중)6,몰입을 억제하고 주제를 말하고싶었을까..시원하게 터지는 감정의 회오리도 약했고하고싶으셨던 이야기도 저에겐 다소 어려웠습니다
2025-04-14-,별점(10점 만점 중)6,"미키라는 존재가 끝내 17에게로 통합되지 못하듯, 서사, 캐릭터, 많은 요소들이 응집되지 못한 채 부유하며 끝난다."
2025-02-28-,별점(10점 만점 중)6,"설국열차+옥자+기생충 =미키17풍자를 유머로 표현했지만, 가볍지는 않은 스토리. 시원한 영상미. 그러나 약간의 진부함은 있다"
2025-02-28-,별점(10점 만점 중)6,기대가 크면 실망도 크다로버트 패틴슨 1인 2역은 훌룡함
2025-03-01-,별점(10점 만점 중)6,삐룩삐룩끼루루룩끼루루룩삐루루룩룩
2025-03-19-,별점(10점 만점 중)6,봉준호 이름값 아니면 안봤을 영화
2025-06-01-,별점(10점 만점 중)6,캐릭터성을 없애며 단순하게 내비치는 해피엔딩
2025-06-09-,별점(10점 만점 중)7,영화 미키17 잘 봤습니다.
2025-03-08-,별점(10점 만점 중)2,한국 영화가 망하는 이유.한국 평론가들 점수주는 거 보면 답 나옴이동진 8점 ㅋㅋ 패터슨 연기 빼곤볼 거 없고 왜 1800억이나 들었는지 의문인6점대가 어울리는 영화.
2025-03-01-,별점(10점 만점 중)10,재관람 할 것 같다. 연출 연기 다 좋았다.
2025-03-09-,별점(10점 만점 중)6,봉준호 소스가 부족해~~~
2025-03-29-,별점(10점 만점 중)10,많은 생각을 하게하는 스토리와 연출 잘 봤습니다
2025-03-24-,별점(10점 만점 중)1,이게 영화냐?기생충 작품성 생각하고 접근하면 안될듯그냥 ㅆㄹㄱ 변ㅌㅐ 영화같네요;;유치하고..
2025-07-21-,별점(10점 만점 중)10,호불호는 갈릴지언정 잘만든영화
2025-05-13-,별점(10점 만점 중)8,호불호가 갈리길래 기대안하고봤는데 생각보다 재밌게 본 영화
2025-03-17-,별점(10점 만점 중)5,이게 봉준호감독의 기생충 차기작이라니...
2025-03-03-,별점(10점 만점 중)8,한없이 가벼운 죽음과 비례하는 인간성
2025-03-31-,별점(10점 만점 중)6,중간중간 이건 봉준호 영화다 하는 신이 몇부분 있었으나 그부분 제외하고는 영 와닿지가 않는 영화였음. 물론 노동자와 관련한 메시지가 있다는건 알겠으나 연출이 그 메시지를 끌어주지 못함. 영상미가 돋보이지도 않았고 ost 가 엄청나지도 않음. 스...
2025-05-20-,별점(10점 만점 중)7,뭔가 기대와 달리 스케일 큰 볼거리가 적어서 살짝 아쉬웠다
2025-03-02-,별점(10점 만점 중)7,놀랍게도 17분에 한 번씩 장르가 바뀌는 영화.
2025-07-17-,별점(10점 만점 중)8,생각보다 별거없는 내용인데 재미는있음
2025-02-28-,별점(10점 만점 중)4,아쉽네요 감독의 무의식으로 써진 영화같아요
2025-05-03-,별점(10점 만점 중)9,나를 구할 수 있는 또 다른 내가 있다면
2025-03-06-,별점(10점 만점 중)6,기대에는 못미치는. ``
2025-03-22-,별점(10점 만점 중)10,사랑이 이기는 이야기 좋았습니다
2025-04-25-,별점(10점 만점 중)7,연기가 무지 좋았고 연출도 무난했네요.
2025-05-20-,별점(10점 만점 중)7,푹빠져서 봄 7까지 세다가 관둠
2025-03-18-,별점(10점 만점 중)6,감독이 그리고싶은 메시지는 이해했으나 전달방식이 매우 유치하고 진부함..
2025-03-01-,별점(10점 만점 중)6,소재 자체는 이미 많이 쓰여온 터라 신선할 게 없었는데 내용 마저도 무난하기 그지없었다
2025-03-21-,별점(10점 만점 중)8,무난 그 자체 ㅋㅋㅋ나쁘지 않았어요 ㅎㅎ
2025-03-01-,별점(10점 만점 중)6,"옥자가 보이기도 하고, 설국열차가 보이기도 하고, 봉준호식SF가 잘 살지는 못한것 같다"
2025-03-02-,별점(10점 만점 중)10,기대한 만큼 볼만했습니다~!
2025-04-01-,별점(10점 만점 중)7,"쓰레기통으로의 우주, 자유로의 죽음,혁명으로의 사랑, 야단법석과 아이러니들."
2025-05-15-,별점(10점 만점 중)10,미키17 17은 7번째 소수이다. 행운의 소수
2025-03-21-,별점(10점 만점 중)6,아쉽다 뿐이지 별로인영화는 아니다 다만 아무리 봉감독의 유머를 사랑한다고 하더라도 그것만 생각난다면...
2025-04-01-,별점(10점 만점 중)9,"자본주의 산업화 사회에서, 우리 대부분은 미키의 삶을 살고 있지."
2025-02-28-,별점(10점 만점 중)5,봉감독님 팬이지만 이작품은 아쉽네요. 너무 많은 나래이션이 몰입도 방해하고 극이 너무 어수선하고 주제의식도 약했어요.
2025-02-28-,별점(10점 만점 중)3,재미없어요.. 잤습니다
2025-03-02-,별점(10점 만점 중)10,런닝타임이 짧게 느껴졌어요. 영화 곳곳에 감독의 숨겨진 의미가 있고 그걸 캐치해야 영화를 더 재밌게 볼 수 있는 것 같습니다. 결국엔 다수의 지성이 어떤 인간 본성을 선택을 하는지에 관한 이야기 같습니다. 역시 봉준호 감독 작품다운 훌륭한 작품입니다.
2025-04-18-,별점(10점 만점 중)6,봉준호 감독이라 믿고 봤습니다그러나 이번 장르는 제가 이런 쪽은 별로 안 좋아해서 그런가... 저는 그닥.... 그렇네요
2025-03-29-,별점(10점 만점 중)8,유잼이요~~~~ 자본력이 느껴지는 크리퍼들ㅋㅋ 괴물에서 못 다 한 꿈을 펼치신 것 같음 성불 완료
2025-03-23-,별점(10점 만점 중)10,상상을 초월하는 전개역시 봉준호!!!
2025-02-28-,별점(10점 만점 중)8,우리나라의 누군가가 계속 떠오르는 악역들. 또 한번 이 시대를 관통하는 봉감독만의 우화극.
2025-04-07-,별점(10점 만점 중)8,재미있게 봤습니다~!!
2025-04-23-,별점(10점 만점 중)5,할리우드로 간 봉감독의 첫작품이지만 아쉬움이 더 크다
2025-06-02-,별점(10점 만점 중)8,그럭 저럭 볼만했습니다.
2025-03-13-,별점(10점 만점 중)6,흥미로운 배경 소재 덕분에 재미 없진 않은데 그렇다고 이 흥미로운 설정을 잘 활용한 연출은 아니어서 재미 있는 것도 아니었다
2025-05-20-,별점(10점 만점 중)6,반복되는 죽음 그걸 견뎌내는 주인공이 대단하다
2025-03-08-,별점(10점 만점 중)2,"상상의나라...하고 싶은거 다 한 영화같아요 배우들이 그나마 하드캐리ㅡㅡ헐리우드 대 배우들이 왜 여기 나왔지?하는 생각이 들었음..,"
2025-03-28-,별점(10점 만점 중)8,잘 만든 영화라고 생각하지만 봉준호 영화 중 처음으로 '재미'가 없었다
2025-03-01-,별점(10점 만점 중)7,"봉준호의 최고작은 아닐지라도, 어쩌면 가장 사랑스러운 영화로 기억될 영화. 조금은 허술하고 과잉된 장면들에도 결국엔 사랑이 이길 것이라는 믿음을 한없이 긍정하고 싶어진다."
2025-03-26-,별점(10점 만점 중)2,간만에 극장에서 중간에 나가고싶었다.. 핸드폰을 중간에 체크하게되는 영화..
2025-03-02-,별점(10점 만점 중)10,"유쾌하면서 따뜻한 영화고 여캐들 사용이 좋았고조신한 로버트패티슨, 핫한 로버트패티슨 보는 맛도 있음ㅋㅋ"
2025-02-28-,별점(10점 만점 중)8,설국우주선 vs 옥자벌레
2025-03-22-,별점(10점 만점 중)6,"무슨 말을 하려는 지도 잘 알겠고, 그것이 충분한 의미를 갖는다고도 생각하지만- 재미는 없네..."
2025-03-01-,별점(10점 만점 중)8,미키 연기 뭐지 (positive)
2025-05-11-,별점(10점 만점 중)10,극장에서 잘 봤습니다.
2025-03-01-,별점(10점 만점 중)10,재밌는데 왜.. 네가 보고 판단해. 남의 말에 휘둘리지말고 난 네가 줏대있게 인생 살았으면 좋겠어 남들이 재미없다고해도 네가 직접 보고 판단해.
2025-05-12-,별점(10점 만점 중)8,...미키17...
2025-04-19-,별점(10점 만점 중)8,재밌게 잘 보았습니다~!
2025-02-28-,별점(10점 만점 중)6,"늘 그렇듯 시의적절한 부조리극이지만, 전작들만큼의 '킥'은 없었던."
2025-03-27-,별점(10점 만점 중)10,"초반부에 미키가 여러 번 죽는 장면에서 우스갯소리와 개그로 넘어가는 나레이션에서 왠지 모를 불편함 불쾌함이 들었는데 그게 정말 블랙코미디의 정수를 보여준 것 같고, 중후반에 크리처가 끌고가는 내용이 많아서 조금 루즈한 감이 있었는데, 그럼..."
2025-06-26-,별점(10점 만점 중)8,플래시백 남발은 아쉽지만 스토리 재밌다 역시
2025-07-19-,별점(10점 만점 중)8,"아쉬움이 다소 있지만, 로버트 패티슨의 연기는 대단한 것 같습니다."
2025-04-30-,별점(10점 만점 중)9,배우 연기가 훌륭. 장면이 대부분 실내로 제한적인게 아쉬웠음
2025-03-12-,별점(10점 만점 중)4,스토리가 너무 미약하다ㅠ직접보고느끼시길~~
2025-03-04-,별점(10점 만점 중)6,기생충에서 엄청난 걸 보여주던 봉준호는 어디에?
2025-07-15-,별점(10점 만점 중)8,바람계곡의 나우시카에서 오마주한 것 같은데 그러다보니 봉준호에게 기대하는 독창성이 조금 아쉬웠다
2025-03-23-,별점(10점 만점 중)8,호불호를 떠나서 다들 연기 김치찌개 맛집.
2025-03-01-,별점(10점 만점 중)6,나쁘지는 않았지만 재미는 없었음
2025-05-01-,별점(10점 만점 중)6,기대한 것보단 스케일이 크진 않지만 재밌음
2025-05-27-,별점(10점 만점 중)10,루코 조코 너무너무 귀여워
2025-03-11-,별점(10점 만점 중)1,진짜 재미없고 안씻고 누운 느낌입니다 돈아까운건 오랜만이네요
2025-07-19-,별점(10점 만점 중)8,좋은 영화 잘 봤습니다.
2025-06-12-,별점(10점 만점 중)4,재미있게 잘 봤습니다.
2025-04-06-,별점(10점 만점 중)10,재밌게 잘 관람했습니다
2025-03-02-,별점(10점 만점 중)10,평 왜 낮은지 모르겠다 ㅈㄴ재밋옹
2025-03-24-,별점(10점 만점 중)6,그냥재밌는데 뒤로갈수록 뭐지?
2025-03-02-,별점(10점 만점 중)10,적당히 철학적이고 적당히 따뜻하고 적당히 재치넘치는 정말 잘만들어진 상업영화였다
2025-03-20-,별점(10점 만점 중)6,"헐리우드 자본에 잠식당한 감독의 개성, 소재는 참신하나 메시지는 극히 진부하다"
2025-03-04-,별점(10점 만점 중)10,"3월3일 월요일 극장가서 봤습니다. 가기 전에 네티즌 평점이 6점 초반대(?) 였었는데... 실관람객 평점이 8점대였던 것으로 보면... 누군가(들이) 악의적으로 평점깎기 하고 있는듯. 누군지는 다들 아시죠?똑같은 레파토리는 그만쓰자 2ㅇ들아 ㅎㅎㅎㅎ""..."
2025-03-01-,별점(10점 만점 중)1,개연성도 없고 장르도 뭔지 모르겠음서사도 길고 지루하기 짝이 없음기생충같은 국내 영화만 만들었으면ㅠ
2025-03-02-,별점(10점 만점 중)10,처음으로 영화 시작부터 끝까지 집중을 잃지 않고 몰입하고 본 영화였습니다 재밌었습니다
2025-04-20-,별점(10점 만점 중)9,많은 생각이 들던 영화.
2025-02-28-,별점(10점 만점 중)6,나름 재미는 있었습니다. 근데 엄청 재밌진않아요.배우들 연기들은 다 좋았는데 여운은 없음.그냥저냥 볼만한 영화같습니다.엄청 기대할만한 영화는 아닌듯
2025-03-02-,별점(10점 만점 중)10,우리가 지금 처한 현실같아 조금 슬펐음 ㅠㅠ 나를 돌아보고 앞으로도 생각해볼수있는 철학적인 영화였음!!
2025-07-18-,별점(10점 만점 중)10,매우재밌게봤습니다 좋아요
2025-04-05-,별점(10점 만점 중)7,재밌는데.... 재미는 진짜 있는데 이게 최선이었나요?
2025-07-18-,별점(10점 만점 중)10,매우만족합니다 재밌습니다
2025-04-14-,별점(10점 만점 중)4,스케일이 더욱 커진 옥자
2025-04-20-,별점(10점 만점 중)1,워너브라더스 1400억 손해봤다는데 진짜 애도를 표합니다.
2025-03-03-,별점(10점 만점 중)3,그냥 그동안 보여준 영화랑 거의 비슷해서. 근데 지루해
2025-04-01-,별점(10점 만점 중)10,제 스타일은 아니지만그런데로 잘 봤어요.기대만큼은 안되요
2025-03-30-,별점(10점 만점 중)6,영웅은 죽고 범인은 산다
2025-04-19-,별점(10점 만점 중)7,재미는 있는 데 하고 싶은 말이 너무 많은 느낌
2025-04-27-,별점(10점 만점 중)10,패틴슨 연기가 훌륭했지만 굳이 봉준호가 만들어야 했나 하는...
2025-04-22-,별점(10점 만점 중)9,Mickey 17 2025
2025-03-03-,별점(10점 만점 중)1,봉준호라는 이름때문에 선택한영화하지만 지루했다. 평론가들이 좋은느낌을 받았다는건 나와는상관없다. 내가 지루함을 느꼈으니까나에겐 지루한영화
2025-04-06-,별점(10점 만점 중)7,우연이라고 하기에는 너무 많은 것들이 비춰보인다.
2025-03-04-,별점(10점 만점 중)10,로버트 패티슨 다시 봄.
2025-03-27-,별점(10점 만점 중)8,애들이 보기엔 좀 높은수위같은데 그렇다고 어른들이 좋아하기엔 좀 교육적인 그런 애매함
2025-03-23-,별점(10점 만점 중)10,역시 봉준호 ~ 재밌다 연출도 연기도 쵝오
2025-03-01-,별점(10점 만점 중)5,배우들이 아깝다는 생각이 드네요
2025-03-29-,별점(10점 만점 중)10,따듯하게 안아주는 느낌이네요잘봤습니다.
2025-05-12-,별점(10점 만점 중)7,이 정도 예산이 필요한 영화였나 싶음
2025-04-12-,별점(10점 만점 중)10,역시 봉감독님!! 정체성이보이는영화
2025-02-28-,별점(10점 만점 중)1,빈곤하기 이를 데 없는 통찰력
2025-04-03-,별점(10점 만점 중)8,소재가 제 취향이라 나름 만족합니다.
2025-03-08-,별점(10점 만점 중)4,기대에 못 미치는 영화입니다.
2025-03-30-,별점(10점 만점 중)8,로버트 패틴슨의 연기는 이제 제철이다
2025-04-11-,별점(10점 만점 중)10,봉준호 감독의 디테일과 로버트 패틴슨의 연기까지 모든게 좋다
2025-03-01-,별점(10점 만점 중)10,패틴슨 연기 좋아요 강추
2025-04-02-,별점(10점 만점 중)10,보고 또봐도 너무 재밌네요...다음에 시간나면 한번 더 봐야겠어요 ㅎㅎㅎ
2025-04-13-,별점(10점 만점 중)6,봉준호와 영어의 조합은 최악
2025-02-28-,별점(10점 만점 중)3,pc주의 지긋지긋하다pc는 왜 내가 돈주고 몰입도 안되는 사랑을 보게 하는지 모르겠음
2025-05-22-,별점(10점 만점 중)6,재밌지도 지루하지도 않았습니다
2025-03-27-,별점(10점 만점 중)8,잘봤어요 괜ㅊ낳네요잘봤어요 괜ㅊ낳네요
2025-03-23-,별점(10점 만점 중)2,이상한 에로 연출로 영화 다 망침.. 더 명작이 될수 있었는데 안타깝다
2025-03-02-,별점(10점 만점 중)6,준호형 알겠으니까 영화로 그만호소하고 이제 좀 재밌는 영화를 만들자. 이럴거면 책을사서보지 안그래도비싸진 극장갈일이 뭐가있는데?
2025-03-02-,별점(10점 만점 중)4,"봉준호가 감독이 아니였으면 영화관을 떠났을 것 같은 영화. 웃음은 나오지 않으며, 허망하다."
2025-07-23-,별점(10점 만점 중)9,봉준호는 안보이고 로버트패틴슨만 보인다 ㅋ
2025-03-28-,별점(10점 만점 중)1,OO노잼 보다가 자다가 나감
2025-03-02-,별점(10점 만점 중)10,슴슴한데 자꾸 생각난다.이상하게 재밌다.
2025-03-01-,별점(10점 만점 중)4,봉준호 SF는 옥자도 그렇고 설국열차도 그렇고 배경만 다르고 다 똑같은 느낌
2025-03-03-,별점(10점 만점 중)10,죽어도 되는 미키는 없었어요 처음부터 끝까지
2025-03-08-,별점(10점 만점 중)6,제작비 많이 들였다고 해서 기대하고 봤는데 반전도 없고 스펙타클한 장면도 없고 실망스럽습니다.   영화라기 보다는 연극을 본 느낌입니다.   설국열차와 비슷하다는 느낌도 납니다.
2025-06-03-,별점(10점 만점 중)8,봉준호식 SF연출은 매우 좋았습니다.
2025-06-03-,별점(10점 만점 중)6,흥미진진 재밌게 관람했습니다
2025-05-26-,별점(10점 만점 중)8,"기대가 너무 컸던 탓일까?! 기생충에서 보여줬던, 킥은 없었다. 다만, 기대를 좀 낮추고 본다면 괜찮을 듯. 배우들의 연기와 봉감독님의 연출 디테일은 인상적이다."
2025-05-15-,별점(10점 만점 중)7,왜 재밌지? 미키18 좋다
2025-03-17-,별점(10점 만점 중)5,진짜 너무나 평범하게 구린 영화라 할말도 없고 남는 것도 없다
2025-03-08-,별점(10점 만점 중)1,진짜 이렇게 재미없을수가있나싶다
2025-02-28-,별점(10점 만점 중)10,본능에 가장 충실한 건 정말 사람이 아닐까...라는 생각을 하게 만든 영화.
2025-05-11-,별점(10점 만점 중)10,영화 재밌게 잘봤습니다.
2025-03-29-,별점(10점 만점 중)8,인간의 존재에 대한 철학적 질문을 어렵지 않게 던져주는 영화
2025-03-09-,별점(10점 만점 중)2,별내용도 없고 감독이 메시지만 보내기 바쁜영화
2025-03-29-,별점(10점 만점 중)9,"사유하지 않은 대중의 위험성에 대한 고발배우들의 연기와 소소한 웃음 포인트, 곱씹을 수록 생각이 많아지는 연출이 수작이었음.한 번 이상 볼 가치는 충분했음!"
2025-06-23-,별점(10점 만점 중)8,20250228 관람
2025-03-05-,별점(10점 만점 중)4,솔직히 기대가 커서 그런건지 흠 재미는 없었어요 .풍자하고싶은것은 알겠으나 재미가 ^^;;
2025-02-28-,별점(10점 만점 중)6,설국17차.   기대하고 봤습니다만..
2025-03-02-,별점(10점 만점 중)10,미키 18은 자신이 가장 소중했는데 그 자신에 미키17이 포함되었다.
2025-04-17-,별점(10점 만점 중)7,재미있게 잘 봤습니다.
2025-03-01-,별점(10점 만점 중)6,노골적이고 뻔한 풍자에 감동의 포인트가 없다.   그나마 남주의 연기력은 볼만했음.
2025-04-01-,별점(10점 만점 중)10,개봉 첫날 보고 잼나게 감상만 했던걸 재관람해서 여러부분을 포인트로 즐기게 되는 영화입니다.
2025-03-03-,별점(10점 만점 중)9,"볼 때는 그저 즐겁고 유쾌하게 가벼운 마음으로 봤음. 쉽고 가볍게 봐지니 기생충의 그 무엇, 웅장함과 반전, 대비 등을 기대했던 사람들이 실망하는 이유도 알 것 같기는 함. 하지만 보고 나와서 곱씹어 생각해볼 것들이 매우 많아 잠이 오지 않을 정도라 ..."
2025-03-01-,별점(10점 만점 중)10,역시 봉준호 감독 작품답게 생각해봐야할 것들이 많은 영화였습니다. 로버트 패틴슨의 1인 2역 연기는 꼭 다른 두 사람인 것처럼 잘했어요. 오랜만에 시간 가는줄 모르고 본 영화입니다.
2025-03-04-,별점(10점 만점 중)8,근래 개봉한 영화중에 젤 낫구만 평점이 이상하네요
2025-02-28-,별점(10점 만점 중)2,봉준호영화중에 제일재미없음
2025-02-28-,별점(10점 만점 중)9,젊음은 돈으로 살 수 없지만 젊은이는 돈으로 살 수 있다.
2025-03-18-,별점(10점 만점 중)2,기생충+설국열차+아바타= 미키17 근데 매우 잘못섞은
2025-03-01-,별점(10점 만점 중)4,그냥 재미 없다 지루해서 힘듬
2025-02-28-,별점(10점 만점 중)8,봉준호 감독 영화 중 가장 사랑스러운 영화
2025-03-02-,별점(10점 만점 중)10,봉준호 영화중 최고였다ㄱ철학적인 부분이 이렇게 까지 스며들듯  닿은 경험은 살면서 처음 이었다. 일단 재밋었다. 시대를 바라보는 감각이 천재다
2025-03-25-,별점(10점 만점 중)10,대한민국은 봉준호가 있다는 것에 감사해라
2025-07-15-,별점(10점 만점 중)10,앞으로 나아간 미키가 덜 나아간 미키를 나아가게 만드는 방법
2025-02-28-,별점(10점 만점 중)10,보면서 누군가가 자꾸 떠올라 묘하게 열받습니다 아마 다른 나라 사람들도 그럴겁니다 기생충처럼 전세계 사람들이 공감대를 이룰 영화..
2025-06-26-,별점(10점 만점 중)10,"이렇게 생각할 점을 마구마구 던지면서도 유쾌함을 잃지 않는 영화가 몇이나 될까? 봉준호 영화 중 가장 자신의 색을 잃지 않고 귀엽고 발랄하게 표현한 영화 같음. 극한의 환경에서 실험체로서의 죽음을 노동 삼아 우주선에 탑승한 미키를 주인공으로 영화가 진행되는데 계속해서 실없는 농담을 던지면서 분위기를 가볍게 환기 시키다가도 전체적인 맥락을 헤아릴수록 무거운 영화라는 점이 이 영화의 미친 점 같음. 계속해서 죽고 재프린트되길 반복하는 미키의 삶에 연민을 느끼게 되는 점이 무엇일까? 에 대한 근본적인 질문을 던지면서 인간의 존엄성은 인간이 유한한 존재라는 점을 인식하기 때문에 발생한다는 인간 존재론적 답까지 확장되게 된다. 모든 생명은 유한한 존재이기 때문에 죽음을 무서워하지만 죽음으로 인해 삶이 가치가 생기는 모순적인 형태이기 때문에 죽음을 애도하지 않을까? 그러므로 애도되는 죽음은 가치있는 삶의 증명같이 자연스럽게 받아들일 수 있었을 것이다. 유일하게 자신의 죽음을 애도하는 나샤를 보면 자연히 나샤가 삶의 이유가 될 수 있을 것이다. 개인적으로 나는 미키 18의 모든 상황을 다 파악하는 점에서 나온 예민함과 시니컬한 판단력, 분노가 좋았다. 현실에 쉽게 순응하지 않고 소멸되더라도 반항해보고 죽을 것이라는 인간의 기개가 보인달까. 뭔가 지식인의 반항이 보였음. 어쨌든 이러한 미키의 복잡하고 촘촘한 심리상태를 잘 보여주면서 한정된 우주선 환경 속에서도 계급 사회가 보이는 봉준호 특유의 사회 비판적 메시지가 영화가 시선을 끄는 매력요소 같음. 다소 우스꽝스럽고 과장되어 보이는 마샬(독재자)의 모습이 현실과 전혀 다르지 않다는 점이 가장 웃픈 점이다. 마샬의 ㅈ같음이 작금의 윤석열김건희, 트럼프 같은 구체적인 실루엣으로 보인다면 이게 과연 과장이라 할 수 있을까. 누구는 봉준호의 다른 영화들에 비해 깊이가 떨어지는 영화라고 평할지 모르지만 나는 그런 점이 좋다. 누가봐도 사회적이고 정치철학적인 영화가 얕고 유쾌하면 뭐 어때? 오히려 접근성 좋아서 난 더 좋아~!"
2025-03-21-,별점(10점 만점 중)6,솔직히 지루함 설명과 대사가 너무 많아 설국열차 기대 했다면 기대이하
2025-03-07-,별점(10점 만점 중)8,그냥 별 생각없이 본다면 꽤나 괜찮은 영화인데 생각을 많이 하면서 보면 하염없이 어려운 영화
2025-02-28-,별점(10점 만점 중)10,이런게 영화다잼있다 진심으로
2025-04-08-,별점(10점 만점 중)6,야트막한 구릉을 천천히 올라가 정상에서 잠깐 주위를 한번 둘러보고 내려오는 감정의 웨이브. 스필버그의 그것과 비슷한 감정의 고조지만 규모와 질이 비할바는 못된다. 그렇다고 폭망할 정도는 아닌데 뉴스기사 한 줄에 우르르 달라드는 느낌
2025-03-23-,별점(10점 만점 중)10,재밌네요한국 배우가 했으면 소화 못했을 거 같은데다행이에요.
2025-03-22-,별점(10점 만점 중)8,나와 나 사이에서 결국 나를 찾아가는 이야기..
2025-02-28-,별점(10점 만점 중)7,기대했는데 너무 루즈함
2025-03-08-,별점(10점 만점 중)5,봉준호 감독 영화 다 봤는데 제일 재미없다고 느껴졌던 영화 입니다. 그래도 우리나라 감독 영화에 할리웃배우들이 나오는 거 자체가 신기했고 연기보는 재미가 있네요. 미키보단 그 다음 작품이 더 기다려집니다.
2025-03-08-,별점(10점 만점 중)2,졸음을 참느라 혼났다.
2025-03-01-,별점(10점 만점 중)10,재미없을 부분이 딱히 없었음 ㅋㅋ 네티즌/실관람객 점수 차이 많이 나는거 보면 어디서 점수 깎고 있는듯
2025-06-05-,별점(10점 만점 중)8,나름 재밌게 잘 봤는데 봉 전작에 비하면 아쉬운 얘기 나오는 것도 이해되는..
2025-03-01-,별점(10점 만점 중)10,저는 진짜 재미있게 봤는데 평점이 ㅋㅋ 나샤에 사랑에 눈물까지 나오던데....평점이 슬프네요 ㅜㅜ 배우들 연기 진짜 미쳤어요.
2025-03-21-,별점(10점 만점 중)9,스토리가 신선해서 재밌게 봤습니다
2025-02-28-,별점(10점 만점 중)1,만화 미키마우스 보세요
2025-07-15-,별점(10점 만점 중)10,연기 내용 모두 좋았어요.
2025-03-01-,별점(10점 만점 중)6,약간 지루하긴했어요로버트 패틴슨님이 엄청 고생한게 눈에보임 ㅜㅜ
2025-03-29-,별점(10점 만점 중)7,그냥그냥그냥그냥그냥
2025-07-19-,별점(10점 만점 중)6,아쉬운걸 말하자면 끝이 없고 다만 총격 씬과 계엄을 보자니 봉감독이 작두를 탔다
2025-03-16-,별점(10점 만점 중)1,기분나쁜데 뭔소리하고싶은지도 모르겠음 중간에나옴 하루기분망치고싶은분들께는 추천!
2025-04-16-,별점(10점 만점 중)8,1인2역 연기는 매우대단했다
2025-02-28-,별점(10점 만점 중)5,개인적으론 기대가 커서 실망했다고 생각함
2025-03-02-,별점(10점 만점 중)10,과연 미키만 복제되었을까.. 과연 권력자들이 위험을 무릅쓰고 우주까지 나갔을까.. 과연 프린터가 한 개 뿐일까..
2025-05-12-,별점(10점 만점 중)10,연기가 좋고볼만했어요!!
2025-03-04-,별점(10점 만점 중)10,"“재미가 없다” 라는 평만 보고 안보는 사람이없길 재미가 없으면 코믹영화를 보시고영화에서 주는 의미, 해석 과학적 요소가 들어간 영화를 좋아한다면 추천 뻔한 결말의 스토리는 인정하지만 그것만으로 추락할 영화는 아니다그리고 연기가 미쳤음"
2025-03-19-,별점(10점 만점 중)4,미키17 재미없고 푹 자다 왔네요. 이야기가 너무 루즈해요
2025-03-03-,별점(10점 만점 중)8,몇 수를 내다보시고 제작한 영화인지 정말여러 생각을 들게 하는 영화입니다. 이외에도 미키가 점점 자기만의 정체성을 확보해 나가는 과정에서의 성장도 응원하게 되는 것 같아요
2025-06-05-,별점(10점 만점 중)8,사람들이 기대를 많이했겠지만 괜찮은 영화
2025-03-01-,별점(10점 만점 중)10,후기보고 조금 기대 낮추고 봤는데러닝타임 길어도 전혀 지루하지않고 몰입해서 봤습니다 ㅎㅎ  콩벌레 귀여워요
2025-04-26-,별점(10점 만점 중)7,단 한번뿐이라 의미 있는 죽음과 삶에 대한 이야기를 직설적이고 귀엽게.
2025-04-15-,별점(10점 만점 중)7,미키 17 미키 17 미키 17
2025-03-22-,별점(10점 만점 중)8,그때는 모르고 조금은 알게 된 세상의 순리란 것들잔혹한 동화의 주인공은 그대 하난 아니니.
2025-03-24-,별점(10점 만점 중)6,재미가 없어요 지루함!!!
2025-04-22-,별점(10점 만점 중)8,외계생명체도 사랑스러울 수가 있구나
2025-03-03-,별점(10점 만점 중)4,"내가 무지해서 그런지, 감독의 숨은 의도를 도저히 찾지 못하겠다. 벌써 2번이나 봤는데.. 마치 현대예술인양 벽에 바나나 붙여놓고 열광받는 느낌이랄까"
2025-03-30-,별점(10점 만점 중)7,생각했던느낌이랑 많이달라서 아쉽 그리고 난 그거 여전히 징그러워
2025-03-01-,별점(10점 만점 중)4,잘못버무려진 영화같다 재미없어..
2025-03-01-,별점(10점 만점 중)10,"오늘 조조로 보고 왔는데 정치, 종교, 윤리, 코미디 모두 무겁지 않게 들어간 종합선물세트 같은 영화였습니다. 사람마다 다르겠지만 이번 비상계엄이나 미국 트럼프 당선내용도 녹아들어갔다고 생각하네요~"
2025-03-01-,별점(10점 만점 중)5,"영화 스토리는 진부하지만, 로버트 패틴슨의 찌질한 연기와  1인2역 역할은 볼 만 했어요."
2025-03-27-,별점(10점 만점 중)7,감독님의 특유의 날카로움이 없네요
2025-03-15-,별점(10점 만점 중)1,"영화를 보고 나오는데 어떤 사람이 그러더라 ""내가 뭘 보고 있는건지도 모르겠어"""
2025-07-18-,별점(10점 만점 중)9,봉준호 감독님의 작품이라 믿고 봅니다!
2025-02-28-,별점(10점 만점 중)2,"ㅈㄹ재미없다 우째 이따위로 영화를 만들지?어설프게 아일랜드,오빌리비언 흉내내고 ㅈㄹ지루하고 진짜 재미없음 올해 추석때 tv에 방영할때 보삼"
2025-03-02-,별점(10점 만점 중)10,"나는 영화 좋았음. 긴장감, 박진감 넘치는건 없었지만 오히려 많은 생각이 들게하는 중간 중간의 상황설명들도 신박하고 좋았음. 영화관에서 보는걸 추천! 간만에 예술같기도 한 영화를 본 거 같아서 좋았음!"
2025-03-23-,별점(10점 만점 중)8,재밌게 봤고 패틴슨 연기 너무 잘함 ㅠ
2025-03-02-,별점(10점 만점 중)10,"몰입감이 미쳤고 정말 생각을 많이 하게 만드는 영화였어요. 평점이 왜 안좋은지 모르겠지만, 전 너무너무 재밌게 잘 봤네요 역시 봉준호감독.. 최고십니당!!"
2025-03-30-,별점(10점 만점 중)8,"너무 많은 부분이 보여서 오히려 맛이 섞인 느낌, 그래도 극장에서 볼 가치는 충분"
2025-02-28-,별점(10점 만점 중)10,영화평론가 박평식이 7점을 줬다. 더 이상 무슨 말이 필요한가 너무 기대된다 ㅎㅎㅎ
2025-07-15-,별점(10점 만점 중)6,장점보다 단점이 더 많다
2025-03-03-,별점(10점 만점 중)6,"봉준호 감독이 만든 해외영화는 같은 감독이 만든 게 맞나 싶을 정도로 봉감독만의 독특한 장점이 잘 안 들어나는 듯! 봉감독이 만든 국내영화들은 그렇게 독창적이고 몰입감있고 반전이 있는 작품성, 오락성까지 갖춘 우수한 영화들인데..해외 영화들..."
2025-03-25-,별점(10점 만점 중)8,수작은 될거라고 생각한다
2025-03-14-,별점(10점 만점 중)4,기생충이후의 작품으로 본다면 많이 실망스럽다. 생명중시 사상? 고리타분한 주제인데 연출마저 새로운 느낌이 없다. 어린이 캠페인 영화 본 느낌...
2025-04-17-,별점(10점 만점 중)7,영화는 볼만하지만 봉준호 이름값에는 좀 그렇습니다
2025-03-20-,별점(10점 만점 중)8,깊은 고민 없이 충분히 즐길 수 있는 sf영화 어떻게 보면 가볍게 보기엔 더 좋은 봉감독님 영화일수도
2025-03-10-,별점(10점 만점 중)7,영화가 오락적인 요소도 떨어지고 전달하고자 하는 메시지를 관객한테 전달하기 위한 짜임새도 조금 떨어진다고 생각해요..하이라이트 부분도 그렇게 재미있지 않고..기대 안하고 보면 그냥 저냥 볼만했지만 기대 하고 보면 실망할 것 같은 느낌..?
2025-03-11-,별점(10점 만점 중)7,기대를 너무 했나봐요 생각보다 너무 잔잔해요
2025-03-27-,별점(10점 만점 중)5,봉준호 필모그래피 최저점
2025-04-07-,별점(10점 만점 중)7,참을수 없는 지루함에 지쳤다.
2025-03-01-,별점(10점 만점 중)10,나는 참 재미있었는데....조금 울컥하기도 했고
2025-03-06-,별점(10점 만점 중)6,어떤 인격으로 살것인가 라는 질문을 던지는 설정은 매우  훌륭하나 매우 지루하다 좀 잤습니다
2025-07-16-,별점(10점 만점 중)8,로버트의 연기가 특히 인상깊음!
2025-03-03-,별점(10점 만점 중)10,생각할 점을 많이 제공하는 영화입니다
2025-07-23-,별점(10점 만점 중)9,로버트의 연기는 빛남 연출은 뭔가뭔가임
2025-04-24-,별점(10점 만점 중)10,"기억을 가진 자기복제 나(me)인가, 나'들'(mess(엉망))인가."
2025-03-23-,별점(10점 만점 중)8,볼만합니다. N차할정도는 아니고
2025-05-16-,별점(10점 만점 중)8,유머 넘치는 사회 풍자 드라마로 재밌게 봤습니다
2025-02-28-,별점(10점 만점 중)6,"아 너무 기대를 많이 했나ㅠ그냥저냥 쏘쏘,,,크리퍼 콩벌레 닮음 보다보니 쫌 귀여워보임,,"
2025-03-12-,별점(10점 만점 중)2,연기는 굿! 재미는 없음!
2025-03-23-,별점(10점 만점 중)10,쉬운 영화인 편인데 오히려 그래서 가볍게 보기에 좋았다.그리고 로버트 패킨슨의 1인 2역 연기가 진짜 미쳤음. 정말 보는내내 17과 18은 다른 인물이고 그걸 절때 한순간도 헷갈리지 않게 완벽하게 연기함
2025-03-27-,별점(10점 만점 중)7,봉준호 라는 이름의 무거움
2025-03-01-,별점(10점 만점 중)9,"오늘 조조 영화로 봄. 일단 표값은 하는 영화임. 배우들 연기가 정말 좋음. 설국, 옥자보단 재밌게 봄."
2025-03-14-,별점(10점 만점 중)4,배부른 대가의 매너리즘. 졸작 17
2025-07-20-,별점(10점 만점 중)10,해이 미키 저기미키 여기 미키
2025-06-22-,별점(10점 만점 중)8,재밌게 봤지만 봉준호 영화치고 잔상은 덜 남는다
2025-03-01-,별점(10점 만점 중)6,내가 기대를 넘 많이 했나봐
2025-02-28-,별점(10점 만점 중)1,패틴슨 연기빼곤 볼게 없다.
2025-03-06-,별점(10점 만점 중)8,나를 구원하는 건 오로지 나였음을
2025-03-08-,별점(10점 만점 중)6,후반부는 유치 오글패틴슨 연기는 좋았지만 그게 다네요
2025-07-15-,별점(10점 만점 중)8,미국식 정치풍자?아직 낯설다
2025-04-20-,별점(10점 만점 중)5,"'기생충' 다음 작품인 만큼 기대도 컸고 개봉이 늦춰진 만큼 우려도 있었는데 인물들의 행위(의 설득력), 서사의 흐름, 주제를 드러내는 방식, 유머의 결(아니 진짜로 관객석에서 피식조차 잘 안 나옴), 연출, 편집, 템포 등 다방면에서 산만하고 아쉬웠다. ..."
2025-03-09-,별점(10점 만점 중)1,음...오....아..
2025-03-16-,별점(10점 만점 중)6,뭘 말하고싶은지 모르겠는 영화
2025-03-03-,별점(10점 만점 중)5,"봉준호 영화를 좋아하고 재미있게 봐온 사람으로서, 이 영화는 봉준호가 만든게 아니라고 믿고싶다."
2025-03-03-,별점(10점 만점 중)9,영화 보는 내내 몰입했습니다. 중간에 살짝 루즈하기도 했지만.. 그걸 다 감수할 만큼 영화가 주는 신선함이나 매력이 커요. 그리고 로버트 패틴슨의 미키 연기에 깜짝 놀랐습니다. 이렇게 연기를 잘하는 배우였다니요!
2025-03-03-,별점(10점 만점 중)10,전작들보다 무게감은 덜했지만 재밌었음
2025-02-28-,별점(10점 만점 중)7,배우진이 할리우드 배우로 바뀐 거 빼면 그냥 봉준호 특유의 연기파 배우들이 잔뜩 등판한 유쾌한 사회비판 영화의 답습임.. 별 기대없이 안정적이면서 고급진 싼마이 맛 보러간다면 추천. 6년만&할리우드 뽕 가득차서 기대하고 갈 거라면 비추천.
2025-03-10-,별점(10점 만점 중)6,SF를 기대했다면 실망 드라마적인 요소가 8할 이상배우분들의 연기는 일품
2025-03-21-,별점(10점 만점 중)6,봉준호 영화 치고는 좀 심심했고 주인공의 연기는 미쳤다
2025-03-24-,별점(10점 만점 중)10,스스로를 구해내는 주인공이 감동
2025-07-20-,별점(10점 만점 중)8,오늘도 밑바닥 깊숙한 어느 곳에서 시간과 목숨을 착취당하고 있는 미키들에게 건네는 위로
2025-05-25-,별점(10점 만점 중)10,너무 저평가된 영화 나중에 재평가각
2025-03-24-,별점(10점 만점 중)10,로버트 패틴슨 연기 죽였다 진짜
2025-03-01-,별점(10점 만점 중)10,"역시 봉준호, 빛나는 로버트 패틴슨의 연기"
2025-03-09-,별점(10점 만점 중)4,감독이 한국인인거빼면 극장에서 볼이유없는 영화
2025-05-20-,별점(10점 만점 중)10,이게 바로 극장 영화의 진정한 맛
2025-02-28-,별점(10점 만점 중)10,인간 복제 윤리에 대한 깊은 생각을 할 수 있게 해주는 뜻깊은 영화.. 재밌게 봤어요 !!
2025-03-07-,별점(10점 만점 중)10,영화본지 일주일째인데 계속 이 영화 생각뿐임
2025-03-01-,별점(10점 만점 중)10,난 재밋던데 평점 왜이래? ㄷㄷ
2025-03-06-,별점(10점 만점 중)6,"인간 프린팅이라는 소재만 갖고도 좋은 시나리오가 됐을텐데 엄하게 토착민, 외계 생명체 사랑 넣는 바람에 시나리오가 산으로 갔음 막판 개연성이 너무 없음"
2025-05-09-,별점(10점 만점 중)8,봉준호적이면서도 살짝 결이 다른
2025-03-28-,별점(10점 만점 중)10,진심최고였음. 두번봤고 3회차갈예정. 재밌고 몰입되고 연기차력쇼에 모든게 최고였다중간중간 개그요소나 ..그냥 정말 다좋았음 영화애 몰입해서 본다면 재미없을수가없다.정말로.역시 봉준호감독
2025-03-22-,별점(10점 만점 중)10,기대만큼 재미있었어요~ 외계생물체도 특이했고요. 번역기도 특별났어요~
2025-02-28-,별점(10점 만점 중)2,기대하고 봤는데 돈시간 아끼세요
2025-03-22-,별점(10점 만점 중)8,독재자가 우리나라 용산의 그분과 너무 닮음
2025-04-11-,별점(10점 만점 중)8,윤석열 김건희 패러디 좋았어요! ㅋㅋㅋㅋ
2025-03-02-,별점(10점 만점 중)10,베이비크리퍼 행복해야해8-8
2025-03-02-,별점(10점 만점 중)10,"역시 봉준호, 거장은 거장이네요.간만에 정말 뛰어난 영화 나왔네요.좌표찍고 몰려와 별점테러 해대는 버러지들때문에 영화 안보는 실수 저지르지 마세요"
2025-04-30-,별점(10점 만점 중)10,전 재미있게 보ㅓㅆ어요
2025-03-27-,별점(10점 만점 중)10,나에게도 미키17을 주세요
2025-02-28-,별점(10점 만점 중)4,영화가 얘기하려는게 뭔지..나는..글쎄다..영화를 보고나와도 뭔가 남는게 없음
2025-03-23-,별점(10점 만점 중)10,"트럼프, 윤석열, 김건희, 히틀러, 괴벨스 등이 출현하며 현실 정치의 문제점을 똑같이 반영하지만 위원회, 고발기관 같이 묘하게 정의로운 세계관과 평화로운 결말이 현실과의 괴리와 현타를 불러옴"
2025-03-09-,별점(10점 만점 중)1,역대 봉준호 영화중 가장 지루했음김치빠진 김치볶음밥
2025-03-30-,별점(10점 만점 중)9,"봉준호 감독 영화 답게, 여러번 봐야 더욱 재미있어지는 영화"
2025-03-17-,별점(10점 만점 중)6,내 스타일은 아님...
2025-05-25-,별점(10점 만점 중)8,한국영화로 다시 돌아와주십쇼
2025-03-01-,별점(10점 만점 중)10,덩치크고 귀엽고 찌질하고 사랑스러운 영화
2025-03-07-,별점(10점 만점 중)10,혹평도 많아서 큰 기대없이 보았는데 시간 가는 줄 모르고 재밌게 봄 로버트 패틴슨 1인 2역인데 영화보는동안 한 사람이 연기한거라고 생각 전혀 못하고 다른 인물로 느껴졌음. 집 오면서 진짜 연기 잘한다고 생각함
2025-03-25-,별점(10점 만점 중)10,재밌게 봤습니다 만드시느라 고생하셨어요~
2025-05-07-,별점(10점 만점 중)10,재밌게 잘 봤습니다~~
2025-05-20-,별점(10점 만점 중)8,짜임새 있는 세계관과 유머러스한 연출 볼만했다!
2025-06-22-,별점(10점 만점 중)10,"인간의 존엄성을 이야기하고 있는 미키17, 해외에서 반응이 여러가지로 갈리는 듯 한데...전 개인적으로 너무 좋았어요. 특히 CG 구현이 너무 완벽해서 이전 작품 <옥자>보다 한 발 더 나아간 느낌이 들었네요. 극장에서 2번 봤구요~ 2번 째 볼 때 마지..."
2025-04-13-,별점(10점 만점 중)4,봉준호 필모 최악의 작품
2025-07-23-,별점(10점 만점 중)6,이게 뭔가... 중간에 나가고 싶었다..
2025-03-02-,별점(10점 만점 중)10,밤새고 봐도 졸수 없는영화
2025-05-28-,별점(10점 만점 중)10,"점점 이야기속으로 빨려 들어간다.연대,사랑 그리고 나의 사랑 크리쳐"
2025-07-19-,별점(10점 만점 중)8,"SF영화라서 일단 마음에 들고, 기대와는 약간 방향이 달랐지만, 그대로 재밌엇다"
2025-03-03-,별점(10점 만점 중)10,봉준호는 역시 봉준호! 호불호가 갈릴지언정 이 영화가 수작인것은 분명하다고 생각함
2025-05-20-,별점(10점 만점 중)10,익스펜더블이라는 상상력이 신선하다. 다들 연기를 참 잘한다. 누구누구가 생각나는 캐릭터가 찍고나니 전세계 저격이 되어버린 사실도...ㅎ
2025-04-01-,별점(10점 만점 중)8,미키18의 마지막 그 눈빛이 잊혀지지가 않아
2025-03-23-,별점(10점 만점 중)8,기대했던 것보단 평범한데 배우들 연기가 진짜 볼만합니다
2025-03-02-,별점(10점 만점 중)10,죽음은 누구에게나 언제나 고독한 사건이다. 하지만 눈 감는 그 순간 곁에 앉아 손을 잡아줄 수는 있다. 가엾은 너의 고독을 나도 안다며 애도해줄 수 있다. 산업 현장에서 죽음을 맞이한 수 많은 사람들. 나는 그들의 나샤가 되어 주었었나. 언젠가 누군...
2025-03-02-,별점(10점 만점 중)6,기대했던 만큼의 완성도는 아니어서...조금 아쉬운 마음...
2025-03-03-,별점(10점 만점 중)10,공벌레 같이 생긴 외계인 귀엽다
2025-03-09-,별점(10점 만점 중)2,이게 영화냐? 돈 아깝다
2025-04-27-,별점(10점 만점 중)6,너무 기대가 컸던 모양...
2025-03-22-,별점(10점 만점 중)10,봉준호의 통찰력에 경의를! 특히 마지막 장면은 현실과 너무 똑같아서 소름 끼쳤음.
2025-03-08-,별점(10점 만점 중)4,봉준호 감독 영화라서 봤지만 유치하고 뻔했다.
2025-04-13-,별점(10점 만점 중)2,뭘 언급하고 싶은건지..
2025-03-25-,별점(10점 만점 중)2,책에서 그만뒀어야 했다.
2025-07-18-,별점(10점 만점 중)8,매우재밌게봤습니다 좋아요
2025-04-30-,별점(10점 만점 중)9,낯선 감정이 어느새 미소짓게 만든다
2025-07-17-,별점(10점 만점 중)10,마냥 판타지로만 보이지 않았다. 독특한 소재에 주인공 연기파티 보는 재미ㅎㅎ
2025-07-13-,별점(10점 만점 중)5,"봉준호 였기에 더욱 평가절하 당하는 부분이 많지만, 그럼에도 잘만든 영화라고 보기엔 쉽지 않을 것 같다. 기억에 남는 것은 로버트 패틴슨의 열연 뿐."
2025-03-02-,별점(10점 만점 중)6,지루하게 봐서 추천하고 싶지 않다.기생충은 10번 넘게 봐도 재밌게 봤는데미키는 두번보고 싶지 않다.중반 이후부터 지루함.  나샤라는 캐릭터가 무척 능력 있고매력적인 여자로 묘사되는데실제 배우에게서 매력을 못느끼니미스 캐스팅.  공감이 안됨.
2025-03-09-,별점(10점 만점 중)4,기대를 많이 한 탓인가생각보다 별로였고 그냥 킬링타임용으로
2025-03-03-,별점(10점 만점 중)10,근래 본 영화중에 단연 최고 입니다.
2025-04-04-,별점(10점 만점 중)10,지금까지 봉준호 감독 영화 중에 GOAT인것 같은데늘어지는 부분도 없고
2025-03-31-,별점(10점 만점 중)5,음 기대에 비하면 평범하네요
2025-05-08-,별점(10점 만점 중)6,보는 내내 서글픈 마음이 들더라
2025-04-20-,별점(10점 만점 중)8,일단 복제인간과 SF라는 것에 뭔가 예상가능한 에피소드가 좀더 맛있게 연출되지 않았다. 근데 사실 듄 영화를 본 이후로는 다른 sf도 먀찬가지일것 같다.왜냐면 좀 공간의 한계성이나 미래를 상상할때 나올 수 있는 윤리적인 문제도 이젠 좀 뻔하기 ...
2025-04-30-,별점(10점 만점 중)7,봉준호마저 한국식 SF의 한계를 넘지 못하네
2025-06-21-,별점(10점 만점 중)8,정말 너무도 좋은 영화이다
2025-04-13-,별점(10점 만점 중)8,영화를 보면 봉준호 작품이라는게 바로 보인다. 옥자 생각도 좀 나고. 나쁘지 않았다.
2025-04-10-,별점(10점 만점 중)9,전작 기생충이 올타임 레전드라 그렇지 킬링타임용 영화로 나쁘지 않았어요
2025-03-15-,별점(10점 만점 중)7,설국열차가 생각나는 sf 영화 근데 뭘 말하려는건지는 모르겠음
2025-06-12-,별점(10점 만점 중)9,봉준호 감독이 간만에 실험적인 작품을 낸거 같네요. 설국열차같은 괜찮은 세계관을 만든것 같아서 재밌게 봤습니다
2025-07-21-,별점(10점 만점 중)8,영화 미키17을 보면서 어떻게 이런 상상을 할수 있었을까? 감탄을 했다
2025-05-14-,별점(10점 만점 중)8,미키17 재밌게봤습니다
2025-03-22-,별점(10점 만점 중)1,진짜 속안좋고 재미도 감동도 없다
2025-03-01-,별점(10점 만점 중)10,"재밌는데?,,내가 이상한건가"
2025-04-18-,별점(10점 만점 중)7,로버트패티슨 이렇게 연기 잘하는지 몰랐름 난 스토리가 친절해서 좋았는데 그 점이 다른 사람들한텐 마이너스였던듯
2025-03-02-,별점(10점 만점 중)1,감독님 오랜 팬으로서 이제 스타일을 좀 바꾸셔야할것 같아요.... 불필요한 베드씬은 뭐하러  계속 넣고 아이맥스용은 아닙니다. 어디서 본듯한 캐릭터와 플롯들 비판과 풍자의 어딘가에서 낭비가 심한느낌입니다. 연출이 멋도 없고 맛도 없어요.
2025-03-01-,별점(10점 만점 중)10,"평론가적 관객에겐 가볍게 여겨질순 있지만, 명확한 메세지와 무거운 소재를 위트있게 풀어나가는 봉감독님 특유의 연출을 감상할 수 있어서 만족스럽게 관람했다"
2025-07-17-,별점(10점 만점 중)8,후반뷰는 바람계곡의 나우시카가 다소 겹쳐보였다
2025-03-26-,별점(10점 만점 중)6,sf로 묶어낸 블랙코미디
2025-03-03-,별점(10점 만점 중)10,"평점 낮길래 기대 안했는데인생영화. 포토카드 태어나서 처음 만들었어요,처음부터 끝까지 스토리, 연출 어색한 점 하나 없어서 대단하다고 생각했어요. 이 영화는 영화의 교과서랄까.. 영화에 참여한 모든 사람에게 엄청 자랑스러운 작품이 될 것 같아..."
2025-02-28-,별점(10점 만점 중)7,엄청 커다란 종합선물세트를 기대하고 열었는데 좋은건 몇개없고 잡다한게 많아 실망한 딱 그 정도였다
2025-03-12-,별점(10점 만점 중)2,로버트패틴슨으로 이런영화를 만들다니...너무 별로임 워스트영화1임
2025-03-01-,별점(10점 만점 중)5,기대없이 봤더라도 그냥저냥 평범했을 것 같아요... 근데 봉준호감독 이름값이 있으니.. 실망스러웠습니다
2025-03-30-,별점(10점 만점 중)9,나를 구하는 것은 나일뿐.. 나를 가장 사랑하고 걱정하는 것도 나.. 18아 보고 싶다~~
2025-03-01-,별점(10점 만점 중)10,근래 본 SF 영화 중 최고의 수작입니다! 단 한 순간 눈을 뗄 수가 없었습니다. 인간의 정체성에 대한 많은 질문을 던지는 영화였습니다.
2025-04-23-,별점(10점 만점 중)7,가장 한국적인것이 가장 세계적인것이다. 반대로 말하면...
2025-03-21-,별점(10점 만점 중)8,미키17? 미키18? 저는 18이요! ㅋㅋㅋ
2025-03-02-,별점(10점 만점 중)10,"우리가 다양한 페르소나가 있는것 처럼 어쩜 우린 web상에서 다양한 미키를 만들고 있지 않는가? 그점을 우주와 지구 사이로 보여주는 철학이 담긴 우주 이야기, 너무 재미있자"
2025-03-23-,별점(10점 만점 중)10,기존 봉준호 영화들에 비해 가볍게 보기 좋음. 그래도 속에 담긴 것도 좀 보이게 해놓았고
2025-02-28-,별점(10점 만점 중)6,"소재 좋음. 스토리 좋음. 초반은3 재미있고 흥미로움. 중후반 클라이맥스로 가는길이 너무 늘어짐. 덜어내고 속도있게 진행했으면 하는 아쉬움. 영상미가 멋지고 촬영, 연출도 좋았다그래서 더 아쉽다"
2025-05-16-,별점(10점 만점 중)10,봉준호 감독님과 로버트 패틴슨의 만남은 신의 한수
2025-07-06-,별점(10점 만점 중)9,재미있게 잘 보았습니다.
2025-07-16-,별점(10점 만점 중)8,죽는 기분이 어때 기억이 남음
2025-02-28-,별점(10점 만점 중)8,로버튼 패티슨의 1인 2역은 신의 한수다. 호불호는 갈릴 지언정 극장에서 봐야하는 작품이다. 패티슨도 남우조연상 받아야 하는거 아님?
2025-05-07-,별점(10점 만점 중)10,재밌게 잘 봤습니다!!
2025-03-30-,별점(10점 만점 중)4,소재는 좋았는데 기대하고 봐서그런가 나래이션이 너무 많고.. 영화가 중간에 지루했어요. 그리고 자막에 맞춤법 틀린게 보여서 불편했어요ㅠㅠ
2025-03-16-,별점(10점 만점 중)1,질 좋은 배추와 최고급 천일염 국내산 고추가루를 잘못 버무려 쓴 김치가 되었다. 꼭 그랬어야했을까? 좋은 소재와 설정을 빈약한 스토리 충분히 설명되지 않은 소신 투박한 전개와 너무나도 아쉬운 사운드믹싱과 개인취향이겠지만 옥자부터 이어지는 아...
2025-03-31-,별점(10점 만점 중)8,무난하게 볼 수 있는 영화
2025-03-09-,별점(10점 만점 중)2,"배우들 연기는 미쳤는데.. 정작 감독이 너무 많은 이야기를 담으려다 보니 뭐에 집중해야할지 모르겠음..샐러드 같은 영화임. 조화롭긴 하나 딱히 기억에 남는 것도 없고, 맛은 그냥저냥 먹을만한.."
2025-03-12-,별점(10점 만점 중)2,15세 관람가라고 부모님이랑 봤는데 뜬금없고 반복되는 배드신에 짜증이 났어요.(노출만 안했지 ㅇㄷ수준이라고 생각되고요).. 옥자랑 설국열차 섞은 느낌이 강해서 진부했고요. 좋은 배우들 데려다가 연출에 뭔가 의미를 꾸역꾸역 숨겨두려는 의도가 ...
2025-07-03-,별점(10점 만점 중)10,로버트패틴슨에게 주연상과 조연상을!!!
2025-06-03-,별점(10점 만점 중)8,"배우들 연기가 엄청나고, 봉준호식 연출이 정말 좋았습니다."
2025-03-04-,별점(10점 만점 중)6,영화를 보는 내내 생각보다 뭔가 없었네요 그냥 흔한 SF드라마였습니다 구지 봉준호가 아니여도 됐을법한데
2025-07-16-,별점(10점 만점 중)8,호불호쎄게갈릴거같지만 난 좋았음
2025-03-07-,별점(10점 만점 중)6,재밌는 것도 아니고 재미가 없는 것도 아니고 이걸 도대체 뭐라고 해야 되냐?
2025-05-09-,별점(10점 만점 중)10,기대한만큼 재밌게 봤음
2025-05-15-,별점(10점 만점 중)6,제작 규모에 비해 심심하고 아쉬움
2025-05-15-,별점(10점 만점 중)5,설국열차랑 흐름은 비슷함 걍 뇌 빼고 봐도 됨
2025-03-08-,별점(10점 만점 중)1,뇌 빼고 싶은 영화. 반성문 8포인트로 맑은고딕 써서 100장 적어서 제출해야 함.
2025-02-28-,별점(10점 만점 중)10,역시 인간이 제일 잔인한 것 같다.
2025-03-02-,별점(10점 만점 중)7,원주민인 크리퍼들은 미키를 구해줬지만 이방인인 인간들은 크리퍼를 죽이려고 했다는 점에서 미국의 역사와 비슷하다고 느껴지는 부분이 있네요
2025-03-12-,별점(10점 만점 중)6,"미키 17 (Mickey 17), [2025]"
2025-03-01-,별점(10점 만점 중)7,메뉴가 같으니 먹던 맛만 난다
2025-03-17-,별점(10점 만점 중)4,"영화 기생충의 마이 마이 열화 헐리우드 버전. 지루한 전개가 너무 심한 수준이라, 초중종 반까지 졸음을 참기 힘들정도였다.가끔 헐리우드 스럽지 않은 열연이 눈에 띄긴 했는데, 봉감독님의 카메라 구도 덕분이기도 한듯.마지막 전투씬의 음향효과만 ..."
2025-03-02-,별점(10점 만점 중)10,영화 속 압축된 사회에서 비롯한 불쾌감이 딱히 먼 미래 같진 않았네요.
2025-03-01-,별점(10점 만점 중)7,봉준호 감독의 신작이니 기대가 너무 크면 독이 되는듯
2025-03-18-,별점(10점 만점 중)6,17번째 미키가 나올때까지의 서사가 지루하며 미지의 행성도 지루하며 몬스터도 지루하다.
2025-02-28-,별점(10점 만점 중)1,차라리 책을 읽는걸 추천해요 재미없다
2025-07-15-,별점(10점 만점 중)7,사람냄새 쿰쿰히 나는 sf영화
2025-04-05-,별점(10점 만점 중)7,살인의 추억 같은 작품 한번 더 만들어 주셨으면 해요
2025-02-28-,별점(10점 만점 중)2,.1.1.1.1.1.1.1.1.
2025-03-20-,별점(10점 만점 중)7,로버트 패틴슨 연기가 제일 돋보였고 크리퍼도 생각보다 귀여워서 볼만했던 영화.
2025-03-02-,별점(10점 만점 중)10,패티슨연기에 박수를 .. 초반엔 쏘쏘 뒤로갈수록 신남 또보고싶음
2025-03-01-,별점(10점 만점 중)10,역시 봉준호라고 생각이 들었던 영화 대중들의 기대가 너무 크다보니 실망했다는 평도 있지만 너무 재밌게 관람했고 로버트 패틴슨의 연기는 훌룡했다
2025-02-28-,별점(10점 만점 중)7,와 로버트 패틴슨의 엄청난 연기 멋있어요
2025-02-28-,별점(10점 만점 중)10,미래라도 보고 오셨나.
2025-03-03-,별점(10점 만점 중)10,봉준호 감독의 개성이 잘 드러나고 최근의 국내외 사회 문제를 절묘하게 풍자하고 있다
2025-07-16-,별점(10점 만점 중)6,패틴슨은 좋았지만....
2025-02-28-,별점(10점 만점 중)6,방금 보고왔는데..  설국열차보다 재미없다. 흥행엔 실패하겠구나.  작품성을 논하기 이전에 우선 영화가 다소 루즈하고 지루하게 전개된다. 영화는 예술작품이기 이전에 엔터테인먼트적으로 충분히 오락적인 즐거움을 제공해야 하지만 그 기본적인 조건...
2025-05-03-,별점(10점 만점 중)6,빌드업 쌓은거에 비해서 너무 얼렁뚱땅 끝나는 느낌이 들어서 아쉬웠음 설정과 소재는 신박했다
2025-03-07-,별점(10점 만점 중)6,"전형적인 건 공들여 설명하고, 전형적이지 않은 건 그렇다치고 넘어간다. 그 와중에 전형이 필요한 부분에서 음악이 힘을 빠지게 하고, 전형이 필요없는 부분에선 과한 디테일이 아쉽다."
2025-06-22-,별점(10점 만점 중)8,재미있게 잘 봤습니다~ 미키 18 좋았음~
2025-02-28-,별점(10점 만점 중)9,현실이 겹쳐보여서 몰입에 방해가 된건지 아닌지 알 수 없지만 재밌다
2025-03-19-,별점(10점 만점 중)6,미키7 소설책으로 보고 영화 봤는데..책과는 내용이 너무 다르네요...각색을 너무 했어.. 책과 너무 다르니...소설책 한번 보세요...정말 재미있어요
2025-04-24-,별점(10점 만점 중)7,미키 1에서 16까지의 삶도 모두 의미 있었길
2025-03-31-,별점(10점 만점 중)6,무난하게 볼 수 있눈 영화
2025-07-18-,별점(10점 만점 중)10,영화 특이하고 재밌어요 잘봤습니다
2025-03-01-,별점(10점 만점 중)2,기대를 많이 했는데 결론은 로버트 배우 연기만 기억에 남네요 쩝
2025-03-02-,별점(10점 만점 중)10,"내가 나를 구원하는 그 순간, 내가 나를 사랑한다는 것을 깨달았다. 그것은 뜨겁고도 벅차서 슬픈 순간."
2025-03-02-,별점(10점 만점 중)10,생명과 죽음에 대해 생각해 볼 수 있는 작품이었습니다. 다시 태어날 수 있는 복제품이라도 그 생명과 죽음의 가치가 다르다 할 수 있는지. 이 영화는 육체가 아니라 정신이 그 사람이라고 본 것 같습니다. 무거운 주제를 무겁지 않게 잘 표현했습니다.
2025-05-14-,별점(10점 만점 중)6,얼렁뚱땅 좋게좋게 잘 마무리
2025-03-03-,별점(10점 만점 중)4,좋은 소재 가지고 이정도 밖에 안되다니
2025-02-28-,별점(10점 만점 중)5,디워 상위호환버전. 이번엔 걸러도 될듯
2025-02-28-,별점(10점 만점 중)7,기대보단 아쉬웠습니다. 철학적으로 생각할게 많아보입니다.
2025-03-02-,별점(10점 만점 중)10,왜케 평점차가 심할까 누군가 좌표찍고 온것응 그만큼 풍자를 잘했다는 뜻이겠지&^^&
2025-03-16-,별점(10점 만점 중)6,기대를 너무했나...코드가 안맞는건가 ㅠ
2025-02-28-,별점(10점 만점 중)8,너무 기대를했나 지루한 감이 없지 않아 있어요..
2025-03-01-,별점(10점 만점 중)10,아니 진짜 재밌게 보고 왔는데 다들 왜저러지.연출도 너무 좋고 연기도  다들 훌륭했음.또 보러갈거임.
2025-03-02-,별점(10점 만점 중)10,우리도 누군가에겐 외계인이다
2025-06-25-,별점(10점 만점 중)8,"봉준호 작품이라는 생각이 들었고, 주제에 대해 생각해볼 시간을 가질 수 있어서 좋았습니다."
2025-06-23-,별점(10점 만점 중)8,나쁘지 않았지만 봉감독님은 할리우드 보다는 국내를 겨냥한 영화가 더 맛깔나게 느껴지네
2025-02-28-,별점(10점 만점 중)5,미키17 봉준호 기생충이 너무 역작이었나
2025-02-28-,별점(10점 만점 중)10,생각치 못한 슬픔과 감동이 공존한 영화. 2시간이 너무 재미있게 지나갔다.
2025-03-27-,별점(10점 만점 중)10,어렵지 않지만 유치하지도 않아서 즐기기엔 괜찮았다 봉준호의 설원은 말할 것도 없이 아름다웠고요 옥시크린 안 맞았어도 세상에 미키 2명 정도는 있어야 한다고 봅니다
2025-03-08-,별점(10점 만점 중)4,유치하게 난해하다…..
2025-04-09-,별점(10점 만점 중)10,미키17 영화 재밌게 잘 봤어요
2025-03-15-,별점(10점 만점 중)2,의미도없고 뜻도없고시간 돈 많이아깝습니다
2025-05-13-,별점(10점 만점 중)10,영화 재밌게 잘 봤습니다아
2025-06-14-,별점(10점 만점 중)7,예전 영화 옥자생각도 나면서...웃으면서도 여러 생각을 하게하는 영화
2025-03-23-,별점(10점 만점 중)10,"미키 17은 독특한 설정과 멋진 비주얼이 인상적인 영화였습니다. 로버트 패틴슨의 연기가 몰입감을 높였고, 봉준호 감독 특유의 깊이 있는 연출도 돋보였어요. 색다른 SF 영화를 찾는다면 추천합니다!"
2025-02-28-,별점(10점 만점 중)2,억지스런 감동. 꿀잠 잤어요.
2025-04-25-,별점(10점 만점 중)7,주인공의 개인적 고뇌에 더욱 집중했으면 더욱 좋았을듯마크 러팔로(장관)부부는 과했고 색깔이 없었으며 그들과의 갈등이 후반갈수록 오히려 몰입에 방해가됨
2025-05-11-,별점(10점 만점 중)10,재미있게 잘 보았습니다
2025-03-05-,별점(10점 만점 중)6,"너무 많은 메세지를 전달하려고 노력했지만, 결국 공벌레만 생각난다."
2025-07-18-,별점(10점 만점 중)10,재밌게 잘 봤습니다 만족합니다
2025-02-28-,별점(10점 만점 중)4,이게 과연 기생충 설국열차 마더를 연출한 봉준호의 영화가 맞는지 영화를 보는 내내 되물은 작품
2025-03-01-,별점(10점 만점 중)10,로버트와 봉준호의 만남.너무 좋았다 굿.두 번 봐도 좋을 영화.상상력을 잘 구현해 냄
2025-05-27-,별점(10점 만점 중)10,'죽음 노동'으로 말하는 윤리와 노동에 대한 봉준호식 블랙코미디
2025-02-28-,별점(10점 만점 중)8,로버튼 패틴슨의 연기폭이 점점 더 넓어지는 것이 느껴서 신기하고 더욱 관심가지게 된다
2025-03-23-,별점(10점 만점 중)10,꿀잼+높은 상상력주인공 분 연기 엄청나네요
2025-03-27-,별점(10점 만점 중)7,여전히 의문이다. 봉준호영화에서 기시감과 산만함과 군더더기를 느끼다니. 계속 나자신을 의심하는중이다.
2025-03-03-,별점(10점 만점 중)8,계급사화를 보여준 봉준호식 영화 인간이 가질 수 있는 행동에 대해 다시금 생각하게해쥼
2025-07-17-,별점(10점 만점 중)8,엔딩까지 봐야 비로소 완성되는 영화 눈물나더라구요
2025-02-28-,별점(10점 만점 중)4,"이야기는 진부했고, 긴장감 넘치는 장면에서조차 기대했던 박진감이 찾아볼 수 없었다."
2025-03-14-,별점(10점 만점 중)6,독특하고 의미있는 소재가 그다지 매끄럽지 않게 전개된다
2025-07-18-,별점(10점 만점 중)8,외계생물체도 귀여울 수 있다.
2025-03-05-,별점(10점 만점 중)5,다소 무뎌진 예리한 칼날. 풍자도 반복되면 듣기 싫은 잔소리로.
2025-03-28-,별점(10점 만점 중)4,중반부터는 인간복제라는 소재가 왜 들어갔나 싶을정도로 주제의식이 흐릿해지고 겉돌았음. 아무리 생각해도 기생충이 최고의 아웃풋이었던것 같다.
2025-03-03-,별점(10점 만점 중)10,아무것도 모르고 본 제 남편도 저도 보는  내내  너무 몰입해서 잘 봤어요.  보시면 알꺼예요. 전 이번에 100%  봉준호감독의 세계관에  감탄했어요.배우들  한분한분 연기도  하나하나의 디테일도  정말 장난아닙니다
2025-03-21-,별점(10점 만점 중)7,배우들의 연기가 좋았습니다
2025-03-03-,별점(10점 만점 중)10,생각할 거리를 많이 던져줍니다. 로버트 패트릭의 연기가 대빅이구요.. 감독님은 역시나 월드클래스 ^^
2025-02-28-,별점(10점 만점 중)1,신념이 서사를 망치다 -
2025-03-23-,별점(10점 만점 중)10,난 너무 걱정했는데 너무재미나게 봤다물론 남친은 뭔애긴지 모르겠다고 하는데 ㅋㅋ크리퍼 너무 귀여워??
2025-03-01-,별점(10점 만점 중)10,"SF라는 쟝르의 탈을 쓰고, 계급화된 현대 사회를 고발하는 블랙코미디 풍자극"
2025-03-01-,별점(10점 만점 중)10,미키가 다 다른사람인듯 연기가 훌륭했음. 음악도 스토리도 내 기준에선 아주 만족스러움
2025-03-18-,별점(10점 만점 중)7,중후반까지는 꽤 흥미진진하게 볼수 있어요. 지루함 없이. 근데 막판에 뭔가 있겠지..있겠지.. 했지만 그냥 별거없이 밋밋하게 끝나버리더군요. 영화 보고난뒤 감흥이 1도 없는 그저그런 영화
2025-03-01-,별점(10점 만점 중)10,너무 재미있습니다. 또 다른 재미있는 sf세계관을 알게되어서 좋았습니다. 우연하게도 우리나라 정치도 보임 ㅋ. 2022년에 이걸 맞출수가 있나. 한국정치 풍자 예측 대박으로 해버렸습니다.
2025-03-22-,별점(10점 만점 중)8,봉 감독 치고는 다소 아쉬운 작품이라고 생각이 드네요
2025-05-27-,별점(10점 만점 중)8,"잘 봤어요 연기, 연출 다 최고!"
2025-03-01-,별점(10점 만점 중)10,평이 이리 갈릴줄이야? 그간 작품들에 비해 좀 가볍게 느껴지지만 적절한 풍자와 연출로 재미있게 봤습니다. 마구 악플 다시는 분들은 진짜 제대로 보긴 본건지 그간 영화도 보고 평 다는지 모르겠네요. 그간 영화 보다 가볍게 보이지만 생각 거리는 그것 ...
2025-05-05-,별점(10점 만점 중)9,"미키 17, 미키 18? 어쨌는 미키는 하나"
2025-03-27-,별점(10점 만점 중)6,"옥자 + 설국열차 느낌(진부함), 질질 끌고 다소 지루한 감 있음(지루함), 액션이 스펙타클 하지 않음(밋밋함)보다가 너무 졸렸어용"
2025-03-03-,별점(10점 만점 중)6,나는 재미없게 봤음.보면서 헐 봉준호 망하겠는데..이 생각밖에 안남근데 같이 본 동생은 너무 재미있었다고 함사람마다 다른듯 ㅎㅎ
2025-07-20-,별점(10점 만점 중)8,잘 죽고 내일 보자 미키.
2025-04-06-,별점(10점 만점 중)8,미키17 역시 신박했다 ~
2025-05-25-,별점(10점 만점 중)8,"""나""를 정의하는것은 무엇인가"
2025-05-23-,별점(10점 만점 중)8,영화 잘봤습니다!!!!
2025-03-02-,별점(10점 만점 중)7,"봉준호가 국내와 해외에서 제작한 작품들의 톤 차이를 지적하는 사람들이 많다. 한국에서 보여주던 예리한 톤이 헐리우드만 가면 교조적이고 촌스러워진다는 것이다. 하지만 나는 대중예술이라면, 특히 메시지의 목적성이 중요한 이야기라면 어느 정도..."
2025-03-04-,별점(10점 만점 중)7,"뭔가 있겠지, 에이 그래두 이렇게 끝이라구? 참고 참다 보니 엔딩이더라. 계급, 풍자 다 예상가능하니 지루하고, 헐리웃 자본이라 피씨즘도 넣어야 겠구. 두 주인공 럽스토리는 전혀 케미두 없구. 그넘의 소스는 꼴보기도 싫고. 좀 지저분하고 역겹기도 했..."
2025-03-03-,별점(10점 만점 중)10,감동이라기 보단. 생각이 깊어지는 영화. 주연배우의 연기력에 놀라고 이런 영화를 만든사람에게 놀랐고. 이런영화를 돈주고 안보면 뭘 본다고
2025-02-28-,별점(10점 만점 중)1,미키유천 유튜브 보는 게 더 재밌을듯
2025-03-28-,별점(10점 만점 중)10,"생각할게 많은 영화, 나샤 어깨위의 미키17의 얼굴은 작품이다"
2025-03-25-,별점(10점 만점 중)8,흥미로운 내용이나 후반부에 약간 지루해짐
2025-06-29-,별점(10점 만점 중)6,봉준호감독 외국영화는 항상 아쉬운 점이 있는거같아요
2025-06-02-,별점(10점 만점 중)8,베이비 크리퍼는 보다보니 귀여워요
2025-05-01-,별점(10점 만점 중)2,감독의 비슷한연출 어디서 본듯한 내용변화가 필요한듯
2025-03-23-,별점(10점 만점 중)10,깔끔한 영화. 감독이 누군지 모르고 봐도 알 수 있는 영화
2025-03-01-,별점(10점 만점 중)10,꽉찬 행복감으로 끝난 sf오락영화. 풍자적 요소들과 재밌는 장면들을 계속 곱씹게 된다. 어쩐지 짠한 마음이 계속 남아있는 채로
2025-02-28-,별점(10점 만점 중)7,철학적 소재나 블랙 유머는 좋은데 오락 영화로서는 부족하다. 호불호 갈릴 듯.한국에서는 봉준호 감독 이름이 있으니 흥행할지는 모르겠지만해외에서 흥행할 만한 영화는 아닐지도.
2025-05-13-,별점(10점 만점 중)8,신선 그 자체. 개인적으로 봉준호감독 영화중 최고라고 생각
2025-03-12-,별점(10점 만점 중)6,어수선한 영화. 스토리에 치밀함이 부족하고 연기도 인상적이지 않다. 공포감 없는 코믹한 외계 괴물을 쓸데없이 과소비했다.
2025-07-23-,별점(10점 만점 중)5,기대에 비하면 평작이었다
2025-02-28-,별점(10점 만점 중)5,미키 18 등장하고 재미없어짐
2025-03-23-,별점(10점 만점 중)10,이게 평점 8점대라니 관람객 수준도 중요하다
2025-03-02-,별점(10점 만점 중)7,봉준호의 사회적 풍자는 이제 좀 물리는 맛이 있음. 여전히 맛깔나게 만들어서 볼맛은 난다만 남는건 없었다. 로버트 패티슨의 목소리까지 바꿔가며 하는 연기는 훌륭한 편.
2025-02-28-,별점(10점 만점 중)10,미키17도 좋은데 미키18이 더 좋다...
2025-03-09-,별점(10점 만점 중)6,어쩌면 이것이 봉준호 감독님의 최저점?
2025-03-06-,별점(10점 만점 중)6,뻔한 주제 진부한 스토리 배우들 연기력은 좋음
2025-07-18-,별점(10점 만점 중)10,영화 재밌게 봤습니다~~
2025-04-04-,별점(10점 만점 중)10,미키17 잘보고갑니다
2025-04-02-,별점(10점 만점 중)10,너무너무 재밌게 잘 봤습미다!
2025-03-31-,별점(10점 만점 중)8,아쉽긴하지만 좋아요ㅎㅎ.
2025-03-22-,별점(10점 만점 중)10,"익숙해지는것의 무서움과 생명, 윤리에 대해 생각해 볼수있응 영화. 잘만들어서 잔인하고 소름끼치고 몰입감 미쳤음."
2025-03-03-,별점(10점 만점 중)10,와우 너무 좋았어요!!! 강추합니다!!
2025-03-06-,별점(10점 만점 중)4,로버트 패틴슨의 연기와 소재만 돋보인 흥미 없는 영화
2025-03-01-,별점(10점 만점 중)2,"좋아했던 감독이었는데, 아쉽습니다. 보면서 아주 어릴 적 봤던 일본 애니메이션에 장면들이 떠올라 다시 찾아볼 생각입니다. 바람계곡에 벌레들은 잘 있으려나... 그리고 애슐리도...~~^^"
2025-04-07-,별점(10점 만점 중)10,캐릭터들도 좋고 담긴 메세지도 좋고 인간의 존엄성을 생각해볼수있는 영화였어요
2025-02-28-,별점(10점 만점 중)1,뭐 약물먹고 복제인간 숨기고 영웅놀이 좀 했다고 갑자기 장관? 개연성은 밥말아먹고 재미나 긴장감도 없고 뭔 교훈을 줄라는 것 같기는 한데 그냥 쟈미가 없다. 소재가 참신하고 남배우 연기는 잘함
2025-07-07-,별점(10점 만점 중)8,로버트 패틴슨 연기가 돋보임. 특유의 풍자도 살아있다.
2025-03-13-,별점(10점 만점 중)4,그냥 킬링타임용 그이상 그이하도 아님
2025-03-02-,별점(10점 만점 중)10,"철학적, 정치적, 법적으로 많은 생각을 해볼 수 있는 영화."
2025-07-19-,별점(10점 만점 중)10,재밌게 잘 봤습니다~!
2025-07-16-,별점(10점 만점 중)8,독특한 내용이고 신선했다. 초반은 좀 지루했지만 뒤로 갈수록 재밌음
2025-04-25-,별점(10점 만점 중)6,좋긴 한데 뒤에 내용이 더 있을거같은 느낌 그래서 아쉬움
2025-03-13-,별점(10점 만점 중)7,뭔가 재밌긴한데 재미없기도 하다. 봉준호 특유의 풍자와 해학이 서양 스킨에 어울리지 않는 느낌이 여전하다. 따로 떼놓고 텍스트로 보면 훌륭한 스토리임에도 불구하고 과장되게 말한다면 원피스 서양판 같은 이질감이 든다.
2025-07-06-,별점(10점 만점 중)5,1선발도 쉬어가는 경기가 있죠
2025-03-07-,별점(10점 만점 중)4,주인공 연기는 훌륭합니다. 개연성 부족함 감상평에 호 불호로 양분 되는데 국내 성적은 ‘여러’ 이유로 나쁘지 않겠지만 외국 쪽 관람객수나 평가 공개되면 지표가 될 듯
2025-03-03-,별점(10점 만점 중)8,주제에 대해 빙빙 돌지 않고 이해하기 쉽게 만들어진 영화.연기도 좋았고 개인적으로 최선의 결말이었다고 생각함.
2025-03-02-,별점(10점 만점 중)10,봉준호가 봉준호했다. 사람을 소모품으로 쓴다는 분명 불편한 소재인데 다보고 나서도 남은 찌꺼기가 없다.
2025-04-09-,별점(10점 만점 중)10,"집중해서 잘 봤습니다. 스토리, 배우분들, 연출 다 좋았어요. 영화관에서 큰 스크린으로 봐야하는 영화"
2025-03-03-,별점(10점 만점 중)10,딱 요즘 일어나는 노동계급의 이야기들을 봉준호 감독님만의 방법으로 풀어낸 재밌는 영화. 로버트패틴슨 연기는 말할 것도 없다.
2025-03-10-,별점(10점 만점 중)6,"봉준호의 세계에 어울리지 않는 동화적 결말, 기생충에서 세상을 다 가진 것 같은 송강호 가족이 부딪혔던 신분의 벽에 대한 반동으로 살인이나 설국열차의 전복 같은 사건이 아닌 제대로 보여주지 않는 개혁이 너무 쉽게 이루어지는 과정은 애초에 가지고 있던 문제가 무지로 인한 우연인 것처럼 느끼게 한다. 익스펜더블은 누구의 야망이나 잘못이 아니라 인류의 현 단계인 자본주의가 가지는 문제가 아니던가? 미국에서 노동자들이 공무원들이 해고 당하고 있는 이 때에, 봉준호의 미키17은 이러한 사회적 모순을 잘 드러낸 영화로 보여질 것인가?"
2025-02-28-,별점(10점 만점 중)10,가장 SF스럽지 않은 SF영화
2025-03-01-,별점(10점 만점 중)6,스토리는 너무 진부하고 예상 가능했음.그리고 인물들이 너무나도 평면적이다.뭔가를 가르치려 드는 느낌이 강하게 듦.독창성이 너무 부족하지 않았나 싶다.여러모로 아쉬운 영화였다.
2025-03-25-,별점(10점 만점 중)9,봉준호가 말아주는 따뜻하고 감동적인 휴먼 스토리
2025-04-24-,별점(10점 만점 중)10,로버튼 패티슨의 재발견 진짜 최고 ㅋㅋ
2025-03-21-,별점(10점 만점 중)8,봉감독님 영화는 늘 기대하게 만드는 매력이 있다. 연기야 두말하면 잔소리인 이번영화!
2025-03-03-,별점(10점 만점 중)6,아이디어는 흥미로운데 캐릭터가 평면적이고 줄거리가 지루함. 웹툰 정도로 소비되면 적절할듯. 마더 기생충의 봉감독 영화라 굳이 보러 갔는데 시간 아까움. 이동진은 진짜 이 영화가 좋았을까? 토론 거리를 만들기에는 유용할 수 있으나 영화로서는 ...
2025-02-28-,별점(10점 만점 중)1,통역기 ㅋㅋㅋ 지루하고 그냥 재미 없습니다
2025-07-18-,별점(10점 만점 중)6,감독님 전작을 떠올리고 간다면 아쉬운 영화
2025-06-13-,별점(10점 만점 중)10,믿고보는 봉준호영화에요
2025-03-11-,별점(10점 만점 중)6,다음엔 재밌는 한국 영화 찍어주시길
2025-03-01-,별점(10점 만점 중)10,전 순한맛에 한 표! 그리고 봉이 계속 sf 찍어줬으면…
2025-03-25-,별점(10점 만점 중)8,미키 17재밌게 잘 봤습니다
2025-03-21-,별점(10점 만점 중)10,"난, 재밌게 봤음!! 헐리우드 영화와 우리나라 영화적 요소가 묘하게 섞여있는 그런 영화였음.. 난 극장에서 보는걸 추천!!"
2025-03-27-,별점(10점 만점 중)7,무미무취에 재미가 있는 것도 없는 것도 아닌
2025-03-09-,별점(10점 만점 중)9,17남우주연상 주고 18남우조연상 줘라
2025-03-02-,별점(10점 만점 중)5,생각하고 기대했던 것보다는 그냥 그랬습니다
2025-03-06-,별점(10점 만점 중)6,기대가 컸었는데... 연출이 진부했다..
2025-07-24-,별점(10점 만점 중)8,비키17(2025)
2025-03-24-,별점(10점 만점 중)10,복제 가능한 인간 미키가 마치 현실 인간의 정체성에 대해 화두를 던지는 듯. 진짜 나는 누구인가? 나는 나로 살고있나?
2025-03-23-,별점(10점 만점 중)10,17 18 못고르겠어요
2025-04-23-,별점(10점 만점 중)6,요상해.. 준호형 나랑안맞아!
2025-03-03-,별점(10점 만점 중)10,천재감독과 천재 배우들의 만남
2025-03-01-,별점(10점 만점 중)10,로버트 패티슨 연기가 미쳤다. 또 보고 싶은 영화
2025-06-26-,별점(10점 만점 중)6,다음 작품을 기대해보겠습니다..
2025-03-24-,별점(10점 만점 중)6,기대치에 비해서는 별로
2025-03-21-,별점(10점 만점 중)8,킬링 타임으로 좋다. 연기도 좋은데 누구한테 적극 추천 하기는 부족한.. 무언가 말하고 싶은건 많은데 5 프로 부족한 느낌. 완성도 자체는 전체적으로 좋음 몰입감도 좋고.. 어떤 인사이트를 얻고자하면 부족하지만 그래도 가볍게 보기엔 괜찮은 영화
2025-02-28-,별점(10점 만점 중)5,언택트톡으로26일에 미리관람하고 왔습니다. 누구나 예상될만한 결말에 지루했습니다.  언택트톡이 궁금하지 않아서 영화끝난후 바로 나왔습니다.솔직한 평입니다.
2025-02-28-,별점(10점 만점 중)5,"기대를 안하고 봤는데, 별로였음. 봉준호 감독의 외화는 대체로 엄청 재밌진 않아도 평타는 했는데, 그 중에서도 가장 임팩트가 없었음. 초반부 30분 정도는 몰입도가 있었지만 그 이후부터는 억지스럽게 흘러간 느낌이 많았음. 제작비를 많이 들인 만큼 시각효과나 영상미는 기대 이상이었음."
2025-03-13-,별점(10점 만점 중)5,그냥 흔한 넷플릭스 sf 영화 같다
2025-03-03-,별점(10점 만점 중)10,정말 좋았다...인생이 속죄와 같다던 미키가 사랑으로 비로소 진정한 ‘삶‘을 가지게 되는 이야기
2025-03-02-,별점(10점 만점 중)10,역시 봉보로봉봉 결말까지 넘나 마음에 듦
2025-03-14-,별점(10점 만점 중)4,한줄평: 우주로 간 옥자
2025-02-28-,별점(10점 만점 중)7,이 시대를 같이 살아가는 모든 미키들 화이팅
2025-03-03-,별점(10점 만점 중)10,리뷰 진짜 안남기는데 어느 집단에서 별점 테러하는 것 같아서 남김 2시간 20분 순삭될 정도로 재밌게 잘 봤고 기생충만큼이나 좋았음 주변에 다 추천하고 다닐꺼임
2025-07-10-,별점(10점 만점 중)8,연기 연출 둘 다 훌륭하고 동화같은 영화였음
2025-07-20-,별점(10점 만점 중)8,미키17 재밌게 잘 봤네요
2025-07-16-,별점(10점 만점 중)8,참 봉준호스러운 sf 영화.. 미키가 너무 사랑스럽다
2025-03-23-,별점(10점 만점 중)10,기대만큼 재밌게 잘 봤습니다
2025-03-22-,별점(10점 만점 중)7,미키17 귀엽다. 엄청 재밌진않지만 재미없지도 않은.
2025-02-28-,별점(10점 만점 중)6,내용이 디즈니 아동만화 같았고 영상미는 ㄱㅊ 번데기가 귀여웠다 기대이하 6점
2025-03-26-,별점(10점 만점 중)8,끔찍스렁 것들을 반전시켜 바라보앙ㅎ
2025-03-10-,별점(10점 만점 중)4,흥미롭지 않았음. 그래서 메시지도 귀에 들어오지 않음
2025-03-25-,별점(10점 만점 중)8,안녕! 안녕 미키반스!!
2025-03-03-,별점(10점 만점 중)10,봉준호 그는 이미 장르이다.기대를 보지말고 영화를 보자.
2025-03-25-,별점(10점 만점 중)7,미키17 로버트 패틴슨
2025-03-08-,별점(10점 만점 중)1,캐릭터들이 일관성이 없어 갑자기 왜저래 이런 느낌이 많이 들었음 여주인공은 마약에 성을 탐닉하다 갑자기 의로 가득한 인물이 됨 그리고 블록버스터로서 재미가 없음 뒤가 궁금해야 되는데 다 예상이 됨 봉준호감독은 큰 영화에 전혀 안어울린다는...
2025-05-30-,별점(10점 만점 중)8,기대보단 다소 아쉽네요
2025-03-03-,별점(10점 만점 중)9,2시간이 넘는데 스펙타클한 영상도 없는데 지루함을 느끼지 못했습니다.잔잔한 여운이 남는 영화입니다.연기도 정말 ????
2025-04-13-,별점(10점 만점 중)6,기대를 너무 많이 해서 그런지 볼 땐 재밌었는데 보고 나오면 개연성에 물음표가 던져짐
2025-03-02-,별점(10점 만점 중)10,미키 반스 영원하라ㅠㅠ봉준호 감독 예지력 어마어마하다.로버트 패틴슨은 헐리우드의 송강호다ㅎㅎ
2025-02-28-,별점(10점 만점 중)6,"복제 인간은 겉모습만 같지 개별적 생명으로 봐야 한다는 게 흥미를 돋우었다. ""다시 살아난다는 것을 안 상태에서의 죽음은 두렵지 않을까?""라는 의문도 들었다. 그러나, 선인과 악인을 너무 드러내는 것 같아 아쉬움이 크다. 영화 결말은 매우 진부하..."
2025-03-03-,별점(10점 만점 중)7,"잘모르겠다,, 연기는 좋았음"
2025-02-28-,별점(10점 만점 중)10,외계인 생물도 뻥카를 칠 수있다.
2025-02-28-,별점(10점 만점 중)8,그럼에도 살아간다는 건 어떤 느낌인지
2025-03-02-,별점(10점 만점 중)7,참 봉준호스러운 사회 풍자
2025-03-01-,별점(10점 만점 중)7,"""너 진짜 멍청하다"" 같은 유형의 폭력을 ""백치미 있지 않아?""같은 유머로 받아치는 평화주의"
2025-06-03-,별점(10점 만점 중)8,생각을 많이 하게 해주는 영화 !배우들 연기만큼은 최고
2025-07-20-,별점(10점 만점 중)7,맛은 괜찮았으나 단순한 재료에 너무 다양한 맛이 들어간 소스랄까
2025-02-28-,별점(10점 만점 중)10,로버트패틴슨의 연기 그 자체로 이 영화는 이미 완성작이었다. 봉준호 감독은 그걸 담았을 뿐이고
2025-03-18-,별점(10점 만점 중)1,어떻게든 빨아주려는 모습이 가증스럽다. 편견에 사로잡힌건 너희다.
2025-03-08-,별점(10점 만점 중)2,그냥 재미없음… 킬링타임으로도 이 영화는 거른다
2025-03-03-,별점(10점 만점 중)9,솔직히 보기전에 지루할까 걱정했는데 무척 재밌게 봄
2025-04-12-,별점(10점 만점 중)8,한사람의 삶 그리고 죽음 우리가 누군가를 바라보는 시선
2025-06-04-,별점(10점 만점 중)6,봉준호 이름값만 남은 아쉬워
2025-03-03-,별점(10점 만점 중)10,정말 봉준호 감독스러운 작품... 많은 생각을 하게 하네요
2025-04-06-,별점(10점 만점 중)10,"우리의 정치현실 때문에 몰입이 쉽지 않은 영화. 연출, 연기 그리고 스토리 모두 최고."
2025-03-31-,별점(10점 만점 중)10,로버트 패티슨이 이렇게 연기를 잘하는 배우였나요? 표정에서 이따금 짐캐리가 떠올랐습니다.
2025-02-28-,별점(10점 만점 중)6,봉준호감독 작품 중에서 제일 노잼이였음(개인적 견해임) 최근에 티모시 샬리메 밥딜런 연기 하나로 3시간을 압도당했는데 로버트패틴슨은 1인 2역으로 압도당하진 않았다.
2025-03-28-,별점(10점 만점 중)8,"있어보이는 연출, 이제는 너무 흔한소재인 도블갱어"
